order_number,time_id,product_id,customer_id,region_id,quantity,price_each,sales
10107,1,1,141,1,30,95.7,2871.0
10121,2,1,184,2,34,81.35,2765.9
10134,3,1,136,2,41,94.74,3884.34
10145,4,1,148,1,45,83.26,3746.7
10159,5,1,43,1,49,100.0,5205.27
10168,6,1,37,1,36,96.66,3479.76
10180,7,1,17,2,29,86.13,2497.77
10188,8,1,133,3,48,100.0,5512.32
10201,9,1,90,1,22,98.57,2168.54
10211,10,1,75,2,41,100.0,4708.44
10223,11,1,71,4,37,100.0,3965.66
10237,12,1,170,1,23,100.0,2333.12
10251,13,1,82,1,28,100.0,3188.64
10263,14,1,125,1,34,100.0,3676.76
10275,15,1,182,2,45,92.83,4177.35
10285,16,1,122,1,36,100.0,4099.68
10299,17,1,18,5,23,100.0,2597.39
10309,18,1,143,3,41,100.0,4394.38
10318,19,1,171,1,46,94.74,4358.04
10329,20,1,136,1,42,100.0,4396.14
10341,21,1,125,6,41,100.0,7737.93
10361,22,1,169,4,20,72.55,1451.0
10375,23,1,77,2,21,34.91,733.11
10388,24,1,36,1,42,76.36,3207.12
10403,25,1,6,7,24,100.0,2434.56
10417,26,1,34,8,66,100.0,7516.08
10103,27,2,44,3,26,100.0,5404.62
10112,28,2,138,9,29,100.0,7209.11
10126,29,2,33,8,38,100.0,7329.06
10140,30,2,156,1,37,100.0,7374.1
10150,31,2,23,10,45,100.0,10993.5
10163,32,2,103,1,21,100.0,4860.24
10174,33,2,173,4,34,100.0,8014.82
10183,34,2,162,1,23,100.0,5372.57
10194,35,2,65,2,42,100.0,7290.36
10206,36,2,39,11,47,100.0,9064.89
10215,37,2,89,1,35,100.0,6075.3
10228,38,2,24,1,29,100.0,6463.23
10245,39,2,119,1,34,100.0,6120.34
10258,40,2,111,12,32,100.0,7680.64
10270,41,2,152,4,21,100.0,4905.39
10280,42,2,7,13,34,100.0,8014.82
10291,43,2,71,9,37,100.0,7136.19
10304,44,2,114,2,47,100.0,10172.7
10312,45,2,14,1,48,100.0,11623.7
10322,46,2,46,1,40,100.0,6000.4
10333,47,2,154,1,26,100.0,3003.0
10347,48,2,41,4,30,100.0,3944.7
10357,49,2,101,1,32,100.0,5691.84
10369,50,2,111,1,41,100.0,4514.92
10381,51,2,133,1,36,100.0,8254.8
10391,52,2,45,4,24,100.0,2416.56
10411,53,2,98,11,23,100.0,4140.23
10424,54,2,85,8,50,100.0,12001.0
10107,1,3,30,1,39,99.91,3896.49
10120,55,3,121,4,29,96.34,2793.86
10134,3,3,65,2,27,100.0,3307.77
10145,4,3,21,1,37,100.0,5192.95
10159,5,3,96,1,37,100.0,5016.83
10168,6,3,9,1,27,100.0,3660.93
10180,7,3,116,2,42,100.0,4695.6
10188,8,3,88,3,38,96.34,3660.92
10201,9,3,83,1,24,100.0,3025.92
10210,56,3,141,12,23,100.0,3009.09
10223,11,3,46,4,47,100.0,5422.39
10236,57,3,160,1,22,100.0,2852.08
10251,13,3,141,1,44,100.0,5756.52
10263,14,3,74,1,40,100.0,4472.0
10275,15,3,72,2,22,100.0,2904.44
10285,16,3,140,1,47,100.0,6484.59
10298,58,3,90,2,39,96.34,3757.26
10308,18,3,157,1,34,100.0,4043.96
10318,19,3,49,1,45,100.0,5566.5
10329,20,3,87,1,20,100.0,3176.0
10339,59,3,180,12,40,68.92,2756.8
10361,22,3,162,4,26,51.15,1329.9
10374,60,3,125,4,39,100.0,5288.01
10388,24,3,191,1,50,44.51,2225.5
10402,61,3,60,2,45,100.0,5833.8
10417,26,3,180,8,45,100.0,5887.35
10107,1,4,150,1,27,100.0,6065.55
10120,55,4,169,4,46,100.0,9264.86
10134,3,4,24,2,31,100.0,7023.98
10145,4,4,123,1,33,100.0,5176.38
10159,5,4,16,1,22,100.0,4132.7
10168,6,4,150,1,20,100.0,4183.0
10180,7,4,71,2,41,100.0,8892.9
10188,8,4,139,3,45,100.0,8714.7
10201,9,4,189,1,49,100.0,8065.89
10210,56,4,130,12,34,100.0,6123.4
10223,11,4,133,4,49,100.0,9774.03
10237,12,4,179,1,39,100.0,7023.9
10251,13,4,178,1,43,100.0,7078.23
10263,14,4,13,1,41,100.0,8336.94
10275,15,4,169,2,36,100.0,6901.92
10285,16,4,49,1,27,100.0,5438.07
10299,17,4,1,5,29,100.0,6683.34
10308,18,4,134,1,20,100.0,4570.4
10318,19,4,199,1,37,100.0,7667.14
10329,20,4,32,1,26,100.0,5868.2
10339,59,4,122,12,39,76.67,2990.13
10362,62,4,122,1,22,100.0,3664.1
10374,60,4,108,4,22,100.0,3834.38
10388,24,4,177,1,21,86.77,1822.17
10403,25,4,199,7,66,100.0,11886.6
10417,26,4,127,8,56,100.0,9218.16
10105,63,5,196,14,50,100.0,7208.0
10119,64,5,48,6,46,100.0,5004.8
10129,65,5,98,7,33,100.0,4398.24
10143,66,5,146,1,49,100.0,5597.76
10155,67,5,168,5,32,100.0,4526.08
10167,68,5,122,9,44,100.0,5924.16
10178,69,5,113,2,24,100.0,3492.48
10186,70,5,176,7,26,100.0,3854.24
10197,71,5,150,8,45,100.0,5324.4
10209,72,5,125,1,39,100.0,5197.92
10222,73,5,45,1,49,100.0,5997.6
10248,74,5,45,1,20,100.0,2910.4
10261,75,5,155,11,27,100.0,3378.24
10273,76,5,60,15,30,100.0,3508.8
10283,77,5,162,11,25,100.0,2992.0
10295,78,5,172,1,24,100.0,3427.2
10307,79,5,186,1,22,100.0,2692.8
10316,80,5,127,7,33,100.0,4128.96
10325,81,5,131,3,47,64.93,3051.71
10337,82,5,192,1,25,48.05,1201.25
10350,83,5,86,8,26,75.47,1962.22
10359,84,5,20,2,48,54.68,2624.64
10373,85,5,49,5,39,100.0,4046.25
10384,86,5,53,1,34,100.0,4846.7
10395,87,5,70,2,32,100.0,3370.56
10400,88,5,106,1,64,100.0,9661.44
10414,89,5,35,1,19,100.0,2764.88
10103,27,6,19,3,42,100.0,5398.26
10114,90,6,48,2,31,100.0,4305.28
10126,29,6,32,8,22,100.0,3347.74
10140,30,6,153,1,26,100.0,3188.12
10150,31,6,19,10,20,100.0,3191.2
10164,91,6,127,6,21,100.0,3536.82
10175,33,6,185,7,33,100.0,5362.83
10183,34,6,37,1,28,100.0,3433.36
10194,35,6,164,2,26,100.0,4263.74
10207,92,6,30,1,31,100.0,4076.19
10217,93,6,51,10,48,100.0,7020.48
10229,94,6,20,1,50,100.0,6426.5
10245,39,6,106,1,28,100.0,4591.72
10259,40,6,188,10,26,100.0,4033.38
10270,41,6,65,4,32,100.0,4302.08
10281,95,6,156,1,44,100.0,7020.64
10291,43,6,102,9,30,100.0,3855.9
10305,96,6,182,1,38,100.0,6680.78
10313,97,6,38,11,40,100.0,6678.0
10322,46,6,113,1,46,61.99,2851.54
10334,98,6,103,9,26,100.0,3188.12
10347,48,6,28,4,27,100.0,4428.0
10357,49,6,143,1,43,100.0,5780.92
10370,50,6,195,4,35,65.63,2297.05
10381,51,6,158,1,37,100.0,6231.54
10391,52,6,138,4,37,46.9,1735.3
10411,53,6,42,11,27,100.0,4427.73
10425,54,6,23,2,38,100.0,5894.94
10108,99,7,159,16,33,100.0,5265.15
10122,100,7,50,2,42,100.0,7599.9
10135,101,7,60,1,42,100.0,8008.56
10147,102,7,119,1,48,100.0,9245.76
10159,5,7,89,1,41,100.0,8296.35
10169,103,7,37,4,30,100.0,5019.9
10181,104,7,160,3,27,100.0,5411.07
10191,105,7,7,17,21,100.0,3840.9
10203,106,7,20,8,20,100.0,3930.4
10211,10,7,95,2,41,100.0,7498.9
10225,107,7,72,18,27,100.0,4517.91
10238,108,7,140,14,28,100.0,5774.72
10253,109,7,153,7,24,100.0,3922.56
10266,110,7,102,13,44,100.0,9160.36
10276,111,7,153,1,50,100.0,9631.0
10287,112,7,180,18,21,100.0,3432.24
10300,113,7,34,17,33,100.0,5521.89
10310,114,7,104,17,33,100.0,6934.62
10320,115,7,91,9,31,100.0,6876.11
10329,20,7,185,1,41,71.47,2930.27
10341,21,7,9,6,45,79.65,3584.25
10363,116,7,85,5,33,85.39,2817.87
10375,23,7,88,2,45,76.0,3420.0
10389,24,7,6,9,26,99.04,2575.04
10419,117,7,114,6,12,100.0,1961.28
10105,63,8,2,14,41,100.0,8690.36
10117,118,8,27,10,33,100.0,6034.38
10127,119,8,192,1,46,100.0,11279.2
10142,120,8,65,1,33,100.0,8023.29
10153,121,8,109,8,20,100.0,4904.0
10165,122,8,3,10,44,100.0,8594.52
10176,33,8,104,13,33,100.0,7474.5
10185,70,8,28,1,21,100.0,3883.74
10196,71,8,152,1,47,100.0,8887.7
10208,123,8,55,2,46,100.0,8602.92
10220,124,8,111,19,32,100.0,7181.44
10231,125,8,47,8,42,100.0,8378.58
10247,126,8,22,5,44,100.0,10606.2
10272,127,8,14,1,35,100.0,5818.4
10282,77,8,176,1,41,100.0,7071.27
10293,128,8,38,13,46,100.0,8411.56
10306,79,8,36,7,31,100.0,6570.76
10314,97,8,55,14,38,100.0,7975.44
10325,81,8,30,3,42,64.0,2688.0
10336,129,8,197,2,33,57.22,1888.26
10348,80,8,91,8,48,52.36,2513.28
10359,84,8,90,2,42,100.0,4764.48
10371,130,8,42,1,32,100.0,3560.64
10382,51,8,160,1,34,100.0,3823.64
10395,87,8,90,2,33,69.12,2280.96
10413,131,8,173,1,36,100.0,8677.8
10103,27,9,32,3,27,100.0,3394.98
10113,132,9,173,1,21,100.0,3415.44
10126,29,9,157,8,21,100.0,2439.57
10140,30,9,196,1,38,100.0,4829.8
10150,31,9,26,10,30,100.0,4100.1
10164,91,9,177,6,49,100.0,6563.06
10174,33,9,14,4,43,100.0,6817.22
10183,34,9,71,1,41,100.0,6163.94
10194,35,9,75,2,38,100.0,4933.92
10206,36,9,94,11,28,100.0,4056.36
10216,133,9,48,2,43,100.0,5759.42
10229,94,9,144,1,25,100.0,3451.0
10245,39,9,179,1,38,100.0,5920.4
10258,40,9,150,12,41,100.0,6668.24
10270,41,9,158,4,28,100.0,4094.72
10281,95,9,162,1,25,100.0,2938.5
10291,43,9,157,9,41,100.0,6387.8
10304,44,9,48,2,39,100.0,6396.0
10313,97,9,99,11,21,100.0,2669.1
10322,46,9,33,1,27,100.0,4784.13
10333,47,9,14,1,33,99.21,3273.93
10347,48,9,111,4,29,100.0,3586.43
10357,49,9,180,1,49,100.0,5960.36
10370,50,9,72,4,49,100.0,8470.14
10381,51,9,156,1,20,100.0,2952.0
10391,52,9,77,4,39,63.2,2464.8
10411,53,9,26,11,40,100.0,6232.0
10424,54,9,89,8,49,100.0,7969.36
10107,1,10,88,1,21,100.0,3036.6
10121,2,10,36,2,50,100.0,8284.0
10134,3,10,143,2,20,100.0,2711.2
10145,4,10,30,1,49,100.0,8339.8
10159,5,10,183,1,38,100.0,6238.84
10169,103,10,57,4,35,100.0,4639.25
10180,7,10,78,2,40,100.0,6747.6
10189,8,10,170,1,28,100.0,4512.48
10201,9,10,167,1,25,100.0,4029.0
10211,10,10,73,2,36,100.0,4771.8
10224,134,10,35,2,43,100.0,6087.94
10237,12,10,184,1,32,100.0,4193.28
10251,13,10,195,1,46,100.0,7552.28
10263,14,10,51,1,48,100.0,6434.4
10276,111,10,53,1,43,100.0,5181.5
10285,16,10,142,1,49,100.0,6863.92
10299,17,10,116,5,24,100.0,4157.04
10309,18,10,46,3,26,100.0,4660.24
10319,115,10,115,1,30,100.0,4111.8
10329,20,10,148,1,24,100.0,3542.64
10341,21,10,111,6,55,100.0,8118.55
10362,62,10,26,1,22,100.0,3877.06
10375,23,10,77,2,49,78.92,3867.08
10388,24,10,174,1,44,100.0,5951.44
10403,25,10,12,7,66,100.0,8648.64
10417,26,10,118,8,21,100.0,3447.78
10104,135,11,137,8,34,100.0,5958.5
10117,118,11,64,10,43,100.0,5911.64
10127,119,11,40,1,46,100.0,7366.44
10142,120,11,77,1,33,100.0,4985.64
10153,121,11,167,8,42,100.0,5393.64
10165,122,11,166,10,34,100.0,4880.02
10176,33,11,183,13,47,100.0,8378.69
10185,70,11,9,1,33,100.0,4038.21
10196,71,11,109,1,24,100.0,3807.12
10208,123,11,63,2,26,100.0,3142.36
10220,124,11,174,19,30,100.0,4713.6
10230,136,11,58,17,43,100.0,7016.31
10247,126,11,118,5,25,100.0,4381.25
10272,127,11,10,1,27,100.0,4283.01
10282,77,11,53,1,27,100.0,4364.82
10293,128,11,186,13,24,100.0,4242.24
10306,79,11,196,7,34,100.0,4982.7
10314,97,11,166,14,46,100.0,6393.54
10324,81,11,108,1,27,54.33,1466.91
10336,129,11,184,2,33,100.0,4059.33
10348,80,11,158,8,47,100.0,4801.52
10358,49,11,138,8,49,55.34,2711.66
10372,137,11,198,12,40,100.0,5862.0
10382,51,11,189,1,37,100.0,4071.85
10413,131,11,26,1,47,100.0,8236.75
10108,99,12,77,16,45,100.0,6130.35
10122,100,12,4,2,37,99.82,3693.34
10135,101,12,66,1,48,100.0,6031.68
10147,102,12,24,1,31,100.0,3494.94
10160,138,12,48,1,46,100.0,5294.14
10170,103,12,48,6,47,100.0,5464.69
10181,104,12,163,3,28,100.0,2860.76
10191,105,12,187,17,40,100.0,5590.0
10203,106,12,16,8,20,100.0,2254.8
10212,139,12,30,8,39,100.0,4946.76
10225,107,12,92,18,25,99.82,2495.5
10238,108,12,92,14,29,100.0,3167.38
10253,109,12,78,7,22,100.0,2402.84
10266,110,12,84,13,22,100.0,2454.54
10276,111,12,136,1,47,100.0,5464.69
10287,112,12,158,18,45,100.0,4756.5
10300,113,12,180,17,29,100.0,3984.6
10310,114,12,84,17,24,100.0,3100.32
10320,115,12,152,9,35,100.0,4850.3
10329,20,12,110,1,46,83.63,3846.98
10341,21,12,29,6,44,95.93,4220.92
10363,116,12,50,5,34,96.73,3288.82
10376,140,12,53,1,35,100.0,3987.2
10389,24,12,108,9,25,72.38,1809.5
10419,117,12,197,6,10,100.0,1092.2
10105,63,13,158,14,29,100.0,4566.05
10117,118,13,131,10,39,100.0,5938.14
10127,119,13,145,1,42,100.0,8138.76
10142,120,13,174,1,46,100.0,9470.94
10153,121,13,88,8,49,100.0,7036.89
10165,122,13,22,10,27,100.0,5559.03
10176,33,13,30,13,50,100.0,7872.5
10185,70,13,157,1,43,100.0,7886.2
10196,71,13,128,1,38,100.0,7232.16
10208,123,13,82,2,20,100.0,3114.4
10220,124,13,52,19,27,100.0,5045.22
10231,125,13,97,8,49,100.0,6952.12
10247,126,13,113,5,27,100.0,4157.73
10272,127,13,125,1,39,100.0,7962.24
10282,77,13,81,1,24,100.0,3778.8
10293,128,13,196,13,45,100.0,8253.0
10306,79,13,175,7,20,100.0,3633.4
10314,97,13,41,14,36,100.0,6913.8
10325,81,13,49,3,24,100.0,2583.6
10336,129,13,16,2,49,63.38,3105.62
10349,141,13,97,1,26,100.0,4408.56
10359,84,13,13,2,49,62.09,3042.41
10372,137,13,59,12,34,100.0,5941.5
10382,51,13,175,1,34,95.35,3241.9
10396,142,13,44,1,33,100.0,6109.29
10413,131,13,165,1,22,100.0,3387.78
10108,99,14,124,16,39,89.38,3485.82
10122,100,14,194,2,32,63.84,2042.88
10135,101,14,25,1,24,75.01,1800.24
10147,102,14,40,1,21,63.84,1340.64
10159,5,14,76,1,24,73.42,1762.08
10169,103,14,173,4,36,63.84,2298.24
10181,104,14,63,3,20,81.4,1628.0
10191,105,14,49,17,30,64.64,1939.2
10203,106,14,117,8,44,82.99,3651.56
10211,10,14,38,2,28,92.57,2591.96
10225,107,14,37,18,37,77.41,2864.17
10238,108,14,181,14,20,74.21,1484.2
10253,109,14,43,7,25,90.17,2254.25
10266,110,14,161,13,35,76.61,2681.35
10276,111,14,30,1,38,83.79,3184.02
10287,112,14,114,18,41,69.43,2846.63
10300,113,14,138,17,22,76.61,1685.42
10310,114,14,12,17,49,81.4,3988.6
10320,115,14,145,9,38,73.42,2789.96
10329,20,14,200,1,33,100.0,3607.56
10341,21,14,47,6,36,93.56,3368.16
10363,116,14,149,5,34,81.62,2775.08
10377,143,14,31,5,24,67.83,1627.92
10389,24,14,119,9,36,70.26,2529.36
10419,117,14,70,6,34,90.17,3065.78
10104,135,15,52,8,41,100.0,4615.78
10115,144,15,51,1,46,100.0,5723.78
10127,119,15,74,1,24,100.0,2559.6
10141,145,15,16,5,21,100.0,2140.11
10151,146,15,200,5,24,100.0,3327.6
10165,122,15,138,10,48,100.0,6825.6
10175,33,15,146,7,26,100.0,3543.28
10184,70,15,33,8,37,100.0,4516.22
10195,35,15,167,1,49,100.0,6445.46
10207,92,15,130,1,34,99.54,3384.36
10219,147,15,130,1,48,100.0,4891.68
10229,94,15,172,1,36,100.0,4521.96
10246,126,15,63,8,46,100.0,5069.66
10259,40,15,140,10,46,100.0,6541.2
10271,127,15,150,1,31,97.17,3012.27
10281,95,15,175,1,41,100.0,5247.18
10292,43,15,38,1,21,100.0,2214.87
10305,96,15,29,1,38,100.0,4773.18
10314,97,15,92,14,45,100.0,6185.7
10324,81,15,81,1,26,58.38,1517.88
10336,129,15,148,2,38,100.0,6372.6
10349,141,15,44,1,48,100.0,5232.96
10358,49,15,63,8,42,64.16,2694.72
10371,130,15,111,1,49,35.71,1749.79
10382,51,15,176,1,32,66.58,2130.56
10412,148,15,128,8,54,100.0,5951.34
10425,54,15,159,2,33,100.0,4692.6
10108,99,16,29,16,36,100.0,3731.04
10122,100,16,195,2,20,100.0,2142.0
10135,101,16,133,1,29,97.89,2838.81
10147,102,16,45,1,33,97.89,3230.37
10160,138,16,181,1,50,100.0,5182.0
10170,103,16,102,6,41,100.0,4391.1
10181,104,16,32,3,36,100.0,4477.32
10192,105,16,56,1,27,100.0,3544.56
10203,106,16,48,8,47,100.0,5195.85
10212,139,16,99,8,33,100.0,4180.44
10225,107,16,184,18,21,100.0,2684.43
10239,149,16,148,5,21,93.28,1958.88
10253,109,16,18,7,41,100.0,4910.57
10266,110,16,106,13,40,100.0,4468.4
10277,150,16,90,10,28,100.0,3127.88
10287,112,16,120,18,23,100.0,2675.13
10300,113,16,12,17,23,100.0,2807.61
10310,114,16,26,17,25,100.0,2504.75
10321,46,16,98,1,24,100.0,2984.88
10329,20,16,38,1,39,64.74,2524.86
10341,21,16,67,6,55,75.2,4136.0
10363,116,16,177,5,46,88.45,4068.7
10377,143,16,99,5,50,100.0,5182.0
10389,24,16,120,9,47,100.0,5243.79
10405,151,16,137,2,97,93.28,9048.16
10419,117,16,190,6,32,100.0,3832.64
10103,27,17,36,3,35,100.0,3920.0
10113,132,17,67,1,49,100.0,4916.66
10126,29,17,99,8,38,100.0,3857.0
10140,30,17,6,1,32,100.0,4181.44
10150,31,17,149,10,34,100.0,4641.0
10164,91,17,145,6,36,99.17,3570.12
10174,33,17,98,4,48,93.34,4480.32
10183,34,17,166,1,21,96.84,2033.64
10194,35,17,130,2,21,93.34,1960.14
10206,36,17,30,11,34,100.0,3966.78
10215,37,17,150,1,46,100.0,5152.0
10228,38,17,138,1,32,100.0,3360.0
10245,39,17,79,1,29,100.0,3451.0
10258,40,17,105,12,41,100.0,5453.0
10270,41,17,141,4,43,96.84,4164.12
10280,42,17,100,13,24,100.0,2800.08
10291,43,17,98,9,41,100.0,4687.94
10304,44,17,194,2,46,98.0,4508.0
10312,45,17,96,1,32,100.0,4181.44
10322,46,17,187,1,22,100.0,2251.04
10333,47,17,163,1,29,40.25,1167.25
10347,48,17,46,4,42,49.6,2083.2
10357,49,17,179,1,39,98.0,3822.0
10370,50,17,72,4,27,100.0,3911.49
10381,51,17,37,1,48,98.0,4704.0
10391,52,17,165,4,29,85.1,2467.9
10411,53,17,35,11,27,100.0,3213.0
10424,54,17,196,8,54,100.0,7182.0
10109,152,18,27,1,26,100.0,4379.18
10122,100,18,124,2,34,100.0,5004.8
10136,153,18,112,2,25,100.0,3644.75
10148,154,18,34,4,23,100.0,2702.04
10161,155,18,177,14,28,100.0,3764.88
10171,156,18,125,11,35,100.0,4508.0
10181,104,18,145,3,44,100.0,5418.16
10192,105,18,77,1,22,100.0,3300.66
10204,106,18,194,1,42,100.0,6182.4
10212,139,18,26,8,29,100.0,4186.73
10225,107,18,97,18,32,100.0,4529.28
10240,157,18,63,12,41,100.0,5628.89
10253,109,18,100,7,26,100.0,3054.48
10266,110,18,159,13,21,100.0,2526.51
10278,158,18,71,1,34,100.0,4667.86
10287,112,18,90,18,41,100.0,6499.32
10301,159,18,110,3,37,100.0,5917.78
10310,114,18,25,17,37,100.0,6231.91
10321,46,18,183,1,41,100.0,5803.14
10331,160,18,43,1,46,100.0,6434.02
10342,21,18,136,4,40,100.0,6454.4
10356,161,18,197,2,43,97.6,4196.8
10365,162,18,83,1,30,87.06,2611.8
10377,143,18,200,5,35,100.0,5895.05
10390,163,18,135,1,36,93.77,3375.72
10406,164,18,156,14,61,100.0,8374.69
10419,117,18,24,6,38,100.0,4464.24
10102,165,19,113,1,39,100.0,4808.31
10111,166,19,53,1,33,99.66,3288.78
10125,167,19,37,4,32,100.0,3254.72
10139,168,19,116,4,31,100.0,3184.94
10149,169,19,79,1,50,100.0,5907.5
10162,170,19,192,1,48,91.44,4389.12
10173,156,19,87,13,43,100.0,5036.16
10182,104,19,90,1,25,87.33,2183.25
10193,171,19,199,4,28,100.0,3106.88
10205,172,19,32,8,36,100.0,3735.72
10215,37,19,185,1,27,89.38,2413.26
10227,173,19,75,2,25,100.0,2953.75
10244,174,19,166,8,40,100.0,4684.8
10256,175,19,140,14,34,95.55,3248.7
10280,42,19,194,13,50,100.0,5239.5
10289,176,19,95,3,38,100.0,4567.98
10304,44,19,50,2,37,95.55,3535.35
10312,45,19,164,1,43,89.38,3843.34
10322,46,19,146,1,43,86.3,3710.9
10332,160,19,171,7,46,95.13,4375.98
10346,48,19,32,1,42,36.11,1516.62
10356,161,19,140,2,50,50.18,2509.0
10369,50,19,59,1,44,100.0,9240.44
10380,177,19,154,8,27,93.16,2515.32
10391,52,19,75,4,35,100.0,5548.9
10422,178,19,14,1,51,95.55,4873.05
10102,165,20,37,1,41,50.14,2055.74
10111,166,20,7,1,48,49.06,2354.88
10126,29,20,25,8,42,54.99,2309.58
10139,168,20,62,4,49,43.13,2113.37
10149,169,20,151,1,30,58.22,1746.6
10162,170,20,193,1,45,51.21,2304.45
10173,156,20,34,13,48,44.21,2122.08
10182,104,20,128,1,32,54.45,1742.4
10193,171,20,149,4,46,53.37,2455.02
10205,172,20,29,8,48,63.61,3053.28
10215,37,20,192,1,33,43.13,1423.29
10227,173,20,38,2,31,48.52,1504.12
10244,174,20,190,8,20,58.22,1164.4
10256,175,20,12,14,29,51.75,1500.75
10280,42,20,28,13,27,57.68,1557.36
10289,176,20,164,3,24,56.07,1345.68
10304,44,20,176,2,37,48.52,1795.24
10312,45,20,93,1,25,44.21,1105.25
10322,46,20,11,1,41,57.68,2364.88
10332,160,20,164,7,27,89.89,2427.03
10347,48,20,106,4,21,58.95,1237.95
10356,161,20,85,2,22,72.41,1593.02
10369,50,20,173,1,32,98.63,3156.16
10381,51,20,159,1,25,52.83,1320.75
10391,52,20,114,4,42,100.0,4998.0
10422,178,20,60,1,25,51.75,1293.75
10110,179,21,91,7,37,100.0,5433.08
10123,180,21,158,2,26,100.0,3073.72
10137,181,21,164,2,44,99.55,4380.2
10148,154,21,165,4,47,100.0,5848.68
10161,155,21,53,14,43,100.0,6153.73
10172,156,21,153,1,42,100.0,4965.24
10181,104,21,192,3,42,100.0,5435.64
10192,105,21,109,1,29,100.0,4258.36
10204,106,21,131,1,40,100.0,4032.0
10212,139,21,152,8,38,100.0,4492.36
10226,182,21,46,1,38,100.0,4161.38
10241,157,21,19,2,21,100.0,2508.66
10253,109,21,200,7,24,100.0,3374.88
10266,110,21,158,13,36,100.0,5196.6
10278,158,21,165,1,23,100.0,2604.52
10288,183,21,37,10,20,100.0,2936.8
10301,159,21,92,3,32,100.0,3424.64
10311,114,21,62,8,29,100.0,2923.2
10321,46,21,159,1,44,100.0,4489.76
10331,160,21,139,1,44,100.0,4849.24
10343,21,21,179,2,36,100.0,5848.92
10367,184,21,94,1,49,56.3,2758.7
10378,185,21,125,8,34,42.64,1449.76
10407,186,21,11,1,59,100.0,7048.14
10419,117,21,19,6,37,100.0,5202.94
10106,187,22,75,13,36,100.0,5279.4
10119,64,22,26,6,43,100.0,6916.12
10131,188,22,155,1,21,100.0,2781.66
10143,66,22,146,1,32,100.0,5248.0
10155,67,22,165,5,38,100.0,6531.44
10167,68,22,22,9,43,100.0,5763.72
10178,69,22,159,2,42,100.0,6490.68
10186,70,22,166,7,32,100.0,6004.8
10198,189,22,90,16,42,100.0,7483.98
10210,56,22,63,12,31,100.0,5719.5
10222,73,22,104,1,49,100.0,6954.08
10250,190,22,199,1,45,100.0,8160.3
10262,191,22,166,8,49,100.0,6567.96
10274,76,22,59,1,41,100.0,6724.0
10284,192,22,1,3,45,100.0,5747.85
10296,193,22,191,17,36,100.0,5676.84
10307,79,22,88,1,39,100.0,7379.97
10316,80,22,133,7,27,100.0,3704.13
10327,194,22,97,14,25,100.0,2804.75
10338,195,22,128,15,41,100.0,5624.79
10351,196,22,133,7,39,99.52,3881.28
10373,85,22,53,5,28,57.55,1611.4
10386,197,22,50,8,25,54.57,1364.25
10398,198,22,163,2,33,100.0,4215.09
10400,88,22,58,1,34,100.0,6433.82
10416,199,22,168,13,24,100.0,4352.16
10100,200,23,196,1,30,100.0,5151.0
10110,179,23,73,7,42,100.0,6069.0
10124,167,23,87,1,21,100.0,2856.0
10149,169,23,4,1,34,100.0,5375.4
10162,170,23,149,1,29,100.0,5176.5
10173,156,23,17,13,24,100.0,3508.8
10182,104,23,90,1,44,100.0,7554.8
10193,171,23,94,4,21,100.0,3141.6
10204,106,23,43,1,33,100.0,5890.5
10214,201,23,200,8,30,100.0,5967.0
10227,173,23,90,2,26,100.0,3712.8
10241,157,23,198,2,41,100.0,7597.3
10280,42,23,161,13,26,100.0,3668.6
10288,183,23,31,10,32,100.0,5875.2
10302,67,23,139,7,43,100.0,7310.0
10312,45,23,152,1,48,100.0,8078.4
10331,160,23,88,1,44,74.04,3257.76
10344,202,23,61,2,45,100.0,7650.0
10367,184,23,175,1,37,100.0,4703.81
10379,185,23,177,8,39,100.0,5399.55
10407,186,23,92,1,76,100.0,14082.8
10420,203,23,128,4,37,100.0,5283.6
10108,99,24,124,16,38,82.39,3130.82
10122,100,24,134,2,43,72.38,3112.34
10135,101,24,152,1,48,79.31,3806.88
10147,102,24,140,1,26,82.39,2142.14
10160,138,24,44,1,38,88.55,3364.9
10170,103,24,24,6,20,63.14,1262.8
10181,104,24,25,3,22,73.92,1626.24
10192,105,24,161,1,45,90.86,4088.7
10203,106,24,20,8,45,85.47,3846.15
10212,139,24,182,8,20,66.99,1339.8
10225,107,24,38,18,47,64.68,3039.96
10239,149,24,15,5,46,73.92,3400.32
10253,109,24,60,7,23,83.93,1930.39
10266,110,24,15,13,33,74.69,2464.77
10278,158,24,8,1,29,90.86,2634.94
10287,112,24,68,18,44,82.39,3625.16
10300,113,24,71,17,41,92.4,3788.4
10310,114,24,182,17,20,91.63,1832.6
10321,46,24,161,1,37,78.54,2905.98
10329,20,24,141,1,29,100.0,2954.81
10342,21,24,87,4,55,65.45,3599.75
10363,116,24,161,5,22,100.0,3686.54
10377,143,24,110,5,31,67.76,2100.56
10389,24,24,37,9,49,79.22,3881.78
10405,151,24,151,2,61,73.92,4509.12
10419,117,24,154,6,39,83.93,3273.27
10109,152,25,40,1,38,100.0,4432.7
10122,100,25,157,2,31,100.0,4100.99
10136,153,25,40,2,36,100.0,5274.72
10148,154,25,49,4,25,100.0,4232.0
10161,155,25,67,14,48,100.0,6145.44
10171,156,25,48,11,35,100.0,4680.2
10181,104,25,103,3,21,100.0,3286.08
10192,105,25,82,1,47,100.0,7421.3
10204,106,25,144,1,38,100.0,6432.64
10212,139,25,106,8,41,100.0,4840.87
10226,182,25,126,1,24,100.0,3892.08
10240,157,25,157,12,37,100.0,5526.32
10253,109,25,25,7,33,100.0,4459.62
10266,110,25,44,13,49,100.0,6203.4
10278,158,25,28,1,29,100.0,3754.05
10287,112,25,144,18,24,100.0,3516.48
10301,159,25,53,3,47,100.0,7488.04
10310,114,25,58,17,24,100.0,3448.08
10321,46,25,37,1,25,100.0,3734.0
10331,160,25,22,1,30,32.47,974.1
10342,21,25,152,4,22,100.0,3160.74
10356,161,25,198,2,27,64.69,1746.63
10366,204,25,35,15,34,100.0,4207.84
10377,143,25,148,5,36,100.0,4352.76
10390,163,25,50,1,34,43.05,1463.7
10406,164,25,119,14,48,100.0,7169.28
10419,117,25,59,6,34,100.0,4594.76
10104,135,26,180,8,24,100.0,3457.92
10115,144,26,177,1,46,100.0,7381.16
10127,119,26,143,1,45,100.0,7146.9
10141,145,26,14,5,39,100.0,5938.53
10151,146,26,69,5,43,100.0,7110.91
10165,122,26,156,10,29,100.0,5032.95
10176,33,26,96,13,20,100.0,3667.6
10184,70,26,163,8,46,100.0,7381.16
10195,35,26,28,1,27,100.0,5128.11
10207,92,26,37,1,44,100.0,7060.24
10219,147,26,68,1,43,100.0,8448.64
10230,136,26,108,17,49,100.0,7300.51
10246,126,26,128,8,40,100.0,6549.2
10259,40,26,72,10,30,100.0,5697.9
10271,127,26,5,1,50,100.0,9169.0
10282,77,26,36,1,23,100.0,3238.63
10292,43,26,163,1,26,100.0,4554.94
10305,96,26,133,1,27,100.0,3934.44
10314,97,26,95,14,42,100.0,5776.26
10324,81,26,150,1,47,100.0,7207.45
10336,129,26,129,2,49,100.0,7460.74
10349,141,26,170,1,38,100.0,6719.54
10358,49,26,10,8,20,100.0,2428.0
10371,130,26,176,1,25,100.0,2602.25
10382,51,26,3,1,25,88.0,2200.0
10412,148,26,35,8,41,100.0,6712.93
10425,54,26,25,2,28,100.0,5318.04
10100,200,27,46,1,50,67.8,3390.0
10110,179,27,111,7,32,50.25,1608.0
10124,167,27,13,1,42,53.88,2262.96
10149,169,27,195,1,24,62.36,1496.64
10162,170,27,5,1,27,69.62,1879.74
10173,156,27,86,13,26,57.51,1495.26
10182,104,27,187,1,38,61.15,2323.7
10193,171,27,158,4,42,59.33,2491.86
10204,106,27,88,1,23,71.44,1643.12
10214,201,27,196,8,21,62.96,1322.16
10227,173,27,77,2,28,50.85,1423.8
10241,157,27,28,2,33,72.65,2397.45
10280,42,27,12,13,25,62.96,1574.0
10288,183,27,66,10,28,61.75,1729.0
10303,205,27,199,8,46,49.04,2255.84
10312,45,27,183,1,30,61.15,1834.5
10332,160,27,99,7,38,84.25,3201.5
10344,202,27,96,2,40,56.91,2276.4
10367,184,27,172,1,45,100.0,8884.8
10379,185,27,168,8,27,49.3,1331.1
10407,186,27,190,1,42,72.65,3051.3
10420,203,27,47,4,36,63.57,2288.52
10104,135,28,127,8,29,100.0,3772.61
10114,90,28,7,2,39,100.0,4164.42
10127,119,28,156,1,45,100.0,6295.95
10141,145,28,19,5,47,100.0,6287.66
10151,146,28,56,5,49,100.0,5412.54
10165,122,28,95,10,46,100.0,5984.14
10175,33,28,167,7,48,100.0,5891.04
10184,70,28,41,8,46,100.0,5984.14
10195,35,28,162,1,35,100.0,3608.15
10207,92,28,171,1,43,100.0,5752.54
10229,94,28,44,1,26,100.0,3765.32
10246,126,28,110,8,22,98.18,2159.96
10259,40,28,59,10,34,99.41,3379.94
10271,127,28,112,1,50,100.0,5093.5
10281,95,28,116,1,48,100.0,5773.44
10292,43,28,200,1,41,100.0,4528.86
10305,96,28,125,1,36,100.0,4816.08
10313,97,28,111,11,29,100.0,3416.78
10324,81,28,78,1,33,37.48,1236.84
10334,98,28,48,9,46,100.0,5814.86
10349,141,28,161,1,38,100.0,5223.48
10358,49,28,178,8,20,36.42,728.4
10370,50,28,139,4,22,100.0,3949.0
10383,206,28,132,8,27,100.0,3843.99
10412,148,28,97,8,56,98.18,5498.08
10425,54,28,112,2,38,99.41,3777.58
10101,207,29,141,17,25,100.0,3782.0
10110,179,29,79,7,33,100.0,3859.68
10124,167,29,94,1,42,100.0,4431.84
10149,169,29,44,1,33,100.0,4950.33
10162,170,29,38,1,38,100.0,4299.7
10173,156,29,181,13,31,100.0,4492.83
10182,104,29,194,1,20,100.0,2212.0
10193,171,29,66,4,44,100.0,4642.88
10204,106,29,193,1,26,100.0,3206.32
10214,201,29,7,8,27,100.0,3604.23
10227,173,29,29,2,46,100.0,7017.76
10243,208,29,80,1,47,100.0,6154.18
10280,42,29,170,13,37,100.0,4750.8
10288,183,29,150,10,31,100.0,3822.92
10304,44,29,119,2,24,100.0,2440.8
10312,45,29,135,1,31,100.0,4729.36
10322,46,29,75,1,50,100.0,12536.5
10332,160,29,96,7,35,64.69,2264.15
10344,202,29,176,2,30,100.0,3928.2
10356,161,29,83,2,29,100.0,3630.22
10367,184,29,152,1,27,100.0,4196.07
10380,177,29,78,8,40,100.0,4931.6
10390,163,29,29,1,31,98.99,3068.69
10409,209,29,27,10,6,100.0,785.64
10420,203,29,84,4,45,100.0,4977.0
10103,27,30,52,3,22,54.09,1189.98
10114,90,30,159,2,45,68.67,3090.15
10126,29,30,190,8,43,65.02,2795.86
10140,30,30,65,1,46,61.99,2851.54
10151,146,30,116,5,39,69.28,2701.92
10165,122,30,156,10,31,71.1,2204.1
10175,33,30,174,7,41,69.28,2840.48
10184,70,30,113,8,44,60.16,2647.04
10194,35,30,128,2,45,70.49,3172.05
10207,92,30,31,1,37,69.89,2585.93
10217,93,30,104,10,35,61.38,2148.3
10229,94,30,77,1,28,59.55,1667.4
10246,126,30,184,8,30,61.99,1859.7
10259,40,30,192,10,30,49.22,1476.6
10271,127,30,111,1,25,69.28,1732.0
10281,95,30,149,1,29,57.73,1674.17
10291,43,30,140,9,26,57.73,1500.98
10305,96,30,133,1,41,53.48,2192.68
10313,97,30,64,11,34,52.87,1797.58
10322,46,30,140,1,35,61.21,2142.35
10334,98,30,72,9,34,61.38,2086.92
10347,48,30,130,4,50,100.0,6834.5
10357,49,30,45,1,41,61.99,2541.59
10370,50,30,180,4,22,96.86,2130.92
10381,51,30,126,1,35,48.62,1701.7
10391,52,30,119,4,44,38.5,1694.0
10412,148,30,68,8,47,61.99,2913.53
10425,54,30,26,2,19,49.22,935.18
10106,187,31,178,13,34,90.39,3073.26
10120,55,31,48,4,29,71.81,2082.49
10133,210,31,193,8,49,69.27,3394.23
10145,4,31,168,1,30,85.32,2559.6
10168,6,31,117,1,21,70.96,1490.16
10210,56,31,100,12,50,76.88,3844.0
10223,11,31,117,4,47,100.0,4724.91
10235,211,31,7,11,24,76.03,1824.72
10250,190,31,175,1,27,98.84,2668.68
10263,14,31,173,1,33,86.17,2843.61
10275,15,31,118,2,35,90.39,3163.65
10284,192,31,78,3,31,71.81,2226.11
10297,212,31,189,19,25,82.79,2069.75
10308,18,31,140,1,27,82.79,2235.33
10318,19,31,179,1,31,100.0,3116.43
10327,194,31,36,14,45,100.0,4781.7
10339,59,31,109,12,27,100.0,2810.7
10353,213,31,92,1,27,100.0,3515.67
10374,60,31,83,4,42,69.27,2909.34
10386,197,31,129,8,21,74.77,1570.17
10398,198,31,16,2,34,76.88,2613.92
10401,214,31,55,1,42,76.03,3193.26
10416,199,31,10,13,15,98.84,1482.6
10107,1,32,152,1,29,70.87,2055.23
10120,55,32,62,4,46,58.15,2674.9
10134,3,32,168,2,30,61.78,1853.4
10145,4,32,53,1,30,49.67,1490.1
10159,5,32,134,1,42,51.48,2162.16
10168,6,32,61,1,46,61.18,2814.28
10180,7,32,80,2,25,64.2,1605.0
10188,8,32,103,3,32,65.42,2093.44
10201,9,32,39,1,30,64.81,1944.3
10210,56,32,78,12,40,49.67,1986.8
10223,11,32,18,4,28,60.57,1695.96
10236,57,32,180,1,23,55.72,1281.56
10251,13,32,163,1,29,61.18,1774.22
10263,14,32,168,1,34,58.75,1997.5
10275,15,32,44,2,37,63.6,2353.2
10285,16,32,170,1,20,49.06,981.2
10298,58,32,50,2,32,48.46,1550.72
10308,18,32,72,1,34,52.09,1771.06
10318,19,32,135,1,42,52.7,2213.4
10329,20,32,37,1,38,100.0,5266.04
10339,59,32,5,12,30,62.16,1864.8
10362,62,32,97,1,23,49.67,1142.41
10374,60,32,48,4,22,53.3,1172.6
10389,24,32,183,9,39,100.0,6981.0
10402,61,32,5,2,55,55.72,3064.6
10417,26,32,133,8,36,61.18,2202.48
10101,207,33,120,17,26,100.0,3773.38
10110,179,33,123,7,31,100.0,5074.39
10125,167,33,126,4,34,100.0,6483.46
10139,168,33,147,4,41,100.0,7956.46
10149,169,33,12,1,23,100.0,4230.62
10162,170,33,189,1,48,100.0,7209.12
10173,156,33,46,13,22,100.0,3452.68
10182,104,33,152,1,21,100.0,3047.73
10193,171,33,162,4,22,100.0,3675.32
10205,172,33,21,8,40,100.0,7492.4
10214,201,33,31,8,50,100.0,9534.5
10227,173,33,17,2,29,100.0,5579.02
10244,174,33,162,8,43,100.0,5950.34
10255,215,33,40,2,24,100.0,3726.0
10280,42,33,135,13,22,100.0,4455.0
10289,176,33,91,3,43,100.0,8272.34
10304,44,33,138,2,20,100.0,3577.6
10312,45,33,167,1,25,100.0,3881.25
10322,46,33,132,1,36,100.0,5797.44
10332,160,33,177,7,24,52.67,1264.08
10347,48,33,108,4,21,100.0,4815.3
10356,161,33,176,2,30,100.0,4462.2
10367,184,33,139,1,32,94.79,3033.28
10380,177,33,15,8,21,47.18,990.78
10390,163,33,76,1,26,78.11,2030.86
10421,203,33,140,1,35,100.0,5433.75
10109,152,34,72,1,26,100.0,3157.44
10123,180,34,109,2,46,100.0,5161.2
10137,181,34,170,2,37,100.0,4346.76
10148,154,34,116,4,27,100.0,3528.36
10161,155,34,29,14,23,100.0,3187.8
10172,156,34,180,1,39,100.0,6023.16
10181,104,34,54,3,27,100.0,3884.76
10192,105,34,41,1,38,100.0,4965.84
10204,106,34,71,1,27,100.0,4169.88
10212,139,34,71,8,40,100.0,4910.4
10226,182,34,185,1,24,100.0,3231.36
10241,157,34,108,2,44,100.0,6853.44
10253,109,34,199,7,37,100.0,5177.04
10266,110,34,121,13,20,100.0,2824.8
10278,158,34,148,1,39,100.0,4324.32
10287,112,34,182,18,44,100.0,5052.96
10301,159,34,84,3,22,100.0,3223.44
10311,114,34,166,8,43,100.0,5278.68
10321,46,34,152,1,27,100.0,2851.2
10331,160,34,48,1,26,64.9,1687.4
10343,21,34,95,2,25,52.32,1308.0
10366,204,34,4,15,49,100.0,6144.6
10379,185,34,198,8,29,100.0,5127.2
10407,186,34,67,1,41,100.0,6386.16
10419,117,34,151,6,55,100.0,7695.6
10103,27,35,165,3,27,83.07,2242.89
10112,28,35,128,9,23,100.0,2539.89
10126,29,35,35,8,31,90.17,2795.27
10139,168,35,53,4,46,100.0,5545.76
10150,31,35,135,10,47,91.18,4285.46
10163,32,35,32,1,31,100.0,3329.09
10174,33,35,132,4,46,100.0,5592.22
10183,34,35,10,1,37,89.15,3298.55
10193,171,35,188,4,28,93.21,2609.88
10206,36,35,198,11,37,90.17,3336.29
10215,37,35,16,1,49,100.0,5510.05
10228,38,35,103,1,24,100.0,2504.4
10244,174,35,150,8,30,100.0,3525.6
10257,216,35,163,1,50,88.14,4407.0
10270,41,35,82,4,31,96.24,2983.44
10280,42,35,186,13,46,100.0,5126.24
10291,43,35,28,9,47,100.0,5713.79
10304,44,35,103,2,46,100.0,4613.8
10312,45,35,80,1,37,100.0,3711.1
10322,46,35,158,1,33,100.0,3524.73
10333,47,35,97,1,31,90.17,2795.27
10347,48,35,158,4,48,100.0,4814.4
10357,49,35,26,1,41,87.13,3572.33
10369,50,35,106,1,42,100.0,4581.36
10381,51,35,19,1,41,100.0,4319.76
10391,52,35,104,4,32,45.25,1448.0
10423,178,35,157,15,10,88.14,881.4
10103,27,36,193,3,35,57.46,2011.1
10111,166,36,46,1,28,64.33,1801.24
10126,29,36,106,8,46,73.7,3390.2
10139,168,36,102,4,20,71.2,1424.0
10150,31,36,4,10,30,49.97,1499.1
10163,32,36,31,1,48,69.96,3358.08
10173,156,36,89,13,28,53.72,1504.16
10183,34,36,29,1,39,68.08,2655.12
10193,171,36,14,4,24,51.84,1244.16
10206,36,36,151,11,28,67.46,1888.88
10215,37,36,129,1,31,58.71,1820.01
10228,38,36,145,1,45,63.71,2866.95
10244,174,36,15,8,24,58.09,1394.16
10257,216,36,45,1,49,53.72,2632.28
10269,217,36,26,6,32,63.08,2018.56
10280,42,36,40,13,43,68.71,2954.53
10291,43,36,37,9,37,50.59,1871.83
10304,44,36,138,2,24,64.96,1559.04
10312,45,36,200,1,35,53.72,1880.2
10322,46,36,59,1,41,29.87,1224.67
10332,160,36,142,7,26,100.0,2979.08
10347,48,36,149,4,34,64.96,2208.64
10357,49,36,16,1,49,70.58,3458.42
10369,50,36,193,1,28,44.21,1237.88
10381,51,36,10,1,40,68.08,2723.2
10392,218,36,195,6,37,59.96,2218.52
10423,178,36,44,15,31,53.72,1665.32
10106,187,37,39,13,41,83.44,3421.04
10119,64,37,6,6,21,89.46,1878.66
10130,188,37,151,1,40,96.34,3853.6
10143,66,37,9,1,46,74.84,3442.64
10155,67,37,145,5,44,79.14,3482.16
10167,68,37,21,9,46,73.12,3363.52
10178,69,37,185,2,41,81.72,3350.52
10186,70,37,43,7,32,89.46,2862.72
10197,71,37,24,8,46,87.74,4036.04
10209,72,37,179,1,28,100.0,2817.92
10222,73,37,30,1,49,94.62,4636.38
10248,74,37,46,1,21,73.98,1553.58
10262,191,37,47,8,32,84.3,2697.6
10273,76,37,198,15,34,98.06,3334.04
10283,77,37,179,11,21,98.06,2059.26
10296,193,37,81,17,21,96.34,2023.14
10307,79,37,123,1,31,83.44,2586.64
10316,80,37,180,7,21,94.62,1987.02
10327,194,37,89,14,25,45.86,1146.5
10338,195,37,91,15,28,82.58,2312.24
10350,83,37,121,8,43,64.97,2793.71
10373,85,37,76,5,22,86.74,1908.28
10386,197,37,184,8,37,93.01,3441.37
10398,198,37,51,2,28,72.26,2023.28
10400,88,37,74,1,30,74.84,2245.2
10414,89,37,14,1,44,73.98,3255.12
10103,27,38,168,3,25,100.0,2539.5
10111,166,38,2,1,43,100.0,4818.15
10126,29,38,192,8,30,97.39,2921.7
10139,168,38,169,4,20,90.06,1801.2
10150,31,38,42,10,26,100.0,2804.36
10163,32,38,44,1,40,100.0,4900.8
10173,156,38,130,13,31,89.01,2759.31
10183,34,38,181,1,22,100.0,2488.2
10193,171,38,2,4,23,100.0,2769.89
10206,36,38,45,11,30,100.0,3581.4
10215,37,38,80,1,49,100.0,5285.14
10228,38,38,122,1,31,100.0,3181.53
10244,174,38,144,8,29,100.0,3340.51
10257,216,38,187,1,37,84.82,3138.34
10270,41,38,67,4,38,100.0,4775.08
10280,42,38,199,13,29,100.0,3006.43
10291,43,38,81,9,23,100.0,2866.26
10304,44,38,9,2,26,85.87,2232.62
10312,45,38,64,1,38,100.0,4457.02
10322,46,38,18,1,48,47.04,2257.92
10332,160,38,177,7,40,39.8,1592.0
10347,48,38,109,4,45,100.0,4948.2
10357,49,38,68,1,44,100.0,5160.76
10369,50,38,62,1,21,94.22,1978.62
10381,51,38,30,1,35,100.0,4288.2
10392,218,38,140,6,29,86.92,2520.68
10423,178,38,46,15,21,84.82,1781.22
10105,63,39,119,14,22,100.0,3065.04
10117,118,39,109,10,26,100.0,3551.34
10128,219,39,68,8,41,100.0,5544.02
10142,120,39,100,1,47,100.0,6034.33
10153,121,39,146,8,31,100.0,3641.57
10166,91,39,94,1,43,100.0,6930.74
10177,220,39,6,8,23,100.0,3675.63
10185,70,39,39,1,28,100.0,3442.04
10196,71,39,82,1,49,100.0,6893.81
10208,123,39,82,2,24,100.0,2622.48
10221,221,39,3,15,33,100.0,4417.38
10232,222,39,148,7,22,100.0,3606.02
10248,74,39,115,1,32,100.0,3802.56
10273,76,39,96,15,40,100.0,5026.4
10282,77,39,47,1,43,100.0,6695.53
10293,128,39,33,13,24,100.0,2819.28
10306,79,39,196,7,32,100.0,3759.04
10314,97,39,25,14,20,100.0,2731.8
10325,81,39,76,3,24,69.12,1658.88
10336,129,39,57,2,48,100.0,5778.24
10350,83,39,139,8,44,100.0,5191.12
10372,137,39,48,12,28,100.0,3862.88
10383,206,39,77,8,24,61.52,1476.48
10396,142,39,176,1,33,100.0,5273.73
10414,89,39,163,1,41,100.0,4872.03
10104,135,40,130,8,23,100.0,4556.99
10109,152,40,100,1,46,100.0,8257.0
10114,90,40,169,2,48,100.0,8209.44
10122,100,40,105,2,25,100.0,3598.5
10127,119,40,15,1,22,100.0,3837.24
10136,153,40,30,2,41,100.0,8331.61
10141,145,40,159,5,34,100.0,4836.5
10148,154,40,146,4,32,100.0,5418.88
10151,146,40,194,5,21,100.0,3734.01
10160,138,40,200,1,20,100.0,3996.4
10165,122,40,100,10,47,100.0,8754.69
10171,156,40,142,11,39,100.0,5481.45
10175,33,40,162,7,29,100.0,4419.89
10181,104,40,94,3,45,100.0,6324.75
10184,70,40,118,8,28,100.0,4409.72
10192,105,40,167,1,26,100.0,3918.46
10195,35,40,188,1,50,100.0,7620.5
10203,106,40,124,8,48,100.0,8291.04
10207,92,40,178,1,25,100.0,3937.25
10212,139,40,108,8,40,100.0,5554.4
10225,107,40,100,18,43,100.0,6407.86
10229,94,40,37,1,22,100.0,4172.52
10239,149,40,63,5,47,100.0,7083.37
10246,126,40,189,8,36,100.0,7132.68
10253,109,40,72,7,40,100.0,6773.6
10259,40,40,102,10,27,100.0,3657.69
10266,110,40,177,13,29,100.0,4812.55
10271,127,40,89,1,20,100.0,3928.6
10278,158,40,166,1,42,100.0,6401.22
10281,95,40,131,1,25,100.0,4191.25
10287,112,40,110,18,36,100.0,5852.52
10292,43,40,76,1,21,100.0,2844.87
10301,159,40,30,3,23,100.0,4011.66
10305,96,40,11,1,37,100.0,7455.87
10310,114,40,194,17,48,100.0,8940.96
10313,97,40,105,11,25,100.0,4572.25
10321,46,40,27,1,33,100.0,5700.09
10324,81,40,140,1,27,100.0,3155.49
10331,160,40,96,1,27,100.0,4170.69
10334,98,40,158,9,20,100.0,2878.8
10342,21,40,73,4,30,100.0,5029.5
10349,141,40,65,1,48,100.0,7396.8
10358,49,40,25,8,32,93.49,2991.68
10366,204,40,104,15,34,100.0,6275.72
10370,50,40,63,4,27,56.85,1534.95
10377,143,40,148,5,39,100.0,7264.53
10383,206,40,50,8,47,100.0,6869.05
10394,223,40,47,8,22,100.0,3353.02
10405,151,40,197,2,55,100.0,8289.05
10412,148,40,158,8,60,100.0,11887.8
10419,117,40,34,6,35,100.0,5926.9
10425,54,40,34,2,28,100.0,3793.16
10105,63,41,24,14,38,100.0,4330.1
10117,118,41,183,10,21,95.8,2011.8
10128,219,41,8,8,41,100.0,4837.18
10142,120,41,13,1,22,97.81,2151.82
10153,121,41,45,8,29,88.74,2573.46
10165,122,41,195,10,50,100.0,5344.5
10177,220,41,112,8,29,100.0,3070.52
10185,70,41,13,1,49,80.67,3952.83
10196,71,41,12,1,35,100.0,3564.75
10208,123,41,10,2,48,100.0,5614.56
10221,221,41,181,15,23,80.67,1855.41
10232,222,41,188,7,48,95.8,4598.4
10248,74,41,141,1,42,100.0,5082.42
10273,76,41,164,15,47,100.0,5450.59
10282,77,41,8,1,36,100.0,4174.92
10293,128,41,32,13,22,100.0,2418.24
10306,79,41,43,7,40,91.76,3670.4
10314,97,41,11,14,23,100.0,2481.7
10326,224,41,51,9,32,100.0,3807.68
10336,129,41,182,2,21,100.0,2230.41
10350,83,41,146,8,41,93.04,3814.64
10372,137,41,185,12,25,84.71,2117.75
10383,206,41,78,8,26,100.0,3340.48
10396,142,41,64,1,24,89.75,2154.0
10414,89,41,170,1,48,100.0,5808.48
10108,99,42,157,16,26,68.35,1777.1
10122,100,42,35,2,21,73.17,1536.57
10135,101,42,140,1,45,78.0,3510.0
10147,102,42,78,1,36,86.04,3097.44
10159,5,42,65,1,21,81.21,1705.41
10169,103,42,119,4,32,70.76,2264.32
10181,104,42,114,3,30,82.82,2484.6
10191,105,42,177,17,36,94.88,3415.68
10203,106,42,73,8,33,86.04,2839.32
10211,10,42,132,2,35,78.0,2730.0
10225,107,42,134,18,37,95.69,3540.53
10238,108,42,13,14,41,73.17,2999.97
10252,225,42,166,2,20,76.39,1527.8
10265,226,42,92,4,45,86.84,3907.8
10276,111,42,151,1,38,69.96,2658.48
10287,112,42,105,18,43,70.76,3042.68
10300,113,42,44,17,49,78.8,3861.2
10310,114,42,38,17,27,80.41,2171.07
10319,115,42,50,1,46,73.98,3403.08
10329,20,42,114,1,38,59.1,2245.8
10342,21,42,135,4,25,66.74,1668.5
10363,116,42,154,5,46,60.3,2773.8
10378,185,42,92,8,22,100.0,2464.0
10390,163,42,166,1,40,100.0,5491.6
10103,27,43,62,3,46,100.0,4791.82
10111,166,43,84,1,39,100.0,4178.85
10126,29,43,30,8,38,82.34,3128.92
10139,168,43,99,4,30,100.0,3095.4
10149,169,43,167,1,42,94.25,3958.5
10163,32,43,181,1,43,100.0,4991.44
10173,156,43,99,13,29,95.24,2761.96
10182,104,43,67,1,33,86.31,2848.23
10193,171,43,71,4,32,79.37,2539.84
10206,36,43,130,11,28,87.3,2444.4
10215,37,43,72,1,41,100.0,4555.92
10227,173,43,86,2,33,100.0,3666.96
10244,174,43,103,8,36,84.33,3035.88
10257,216,43,39,1,26,89.29,2321.54
10280,42,43,90,13,34,100.0,3474.46
10290,227,43,24,1,26,96.23,2501.98
10304,44,43,126,2,38,100.0,3958.46
10312,45,43,37,1,33,100.0,3535.95
10323,81,43,99,17,33,91.27,3011.91
10333,47,43,14,1,46,100.0,11336.7
10347,48,43,150,4,26,100.0,2656.94
10357,49,43,145,1,25,100.0,2604.25
10369,50,43,154,1,45,73.08,3288.6
10382,51,43,89,1,50,100.0,8935.5
10392,218,43,184,6,36,100.0,4035.96
10423,178,43,95,15,21,89.29,1875.09
10108,99,44,182,16,29,100.0,4049.56
10122,100,44,72,2,21,100.0,2469.39
10135,101,44,86,1,42,100.0,5432.7
10147,102,44,9,1,37,100.0,4405.22
10159,5,44,78,1,25,100.0,3638.0
10169,103,44,85,4,36,100.0,4444.92
10181,104,44,191,3,22,100.0,3395.48
10191,105,44,95,17,23,100.0,3414.58
10203,106,44,118,8,32,100.0,5127.04
10211,10,44,64,2,28,100.0,3745.28
10225,107,44,108,18,27,100.0,4564.08
10238,108,44,58,14,49,100.0,6554.24
10252,225,44,167,2,41,100.0,6749.83
10265,226,44,68,4,49,100.0,8427.02
10276,111,44,30,1,30,100.0,3924.6
10287,112,44,139,18,40,100.0,6761.6
10300,113,44,72,17,23,100.0,3786.49
10310,114,44,75,17,49,100.0,6266.12
10320,115,44,108,9,25,100.0,3491.0
10330,228,44,165,16,37,100.0,4405.22
10342,21,44,19,4,55,100.0,6548.3
10355,229,44,8,8,23,100.0,3177.91
10363,116,44,172,5,24,100.0,4142.64
10378,185,44,42,8,43,96.49,4149.07
10390,163,44,111,1,50,100.0,7397.0
10109,152,45,106,1,47,100.0,6241.6
10123,180,45,125,2,34,100.0,5331.88
10137,181,45,63,2,31,100.0,5124.3
10148,154,45,30,4,28,100.0,3639.44
10161,155,45,112,14,36,100.0,5544.0
10172,156,45,50,1,48,100.0,5493.12
10181,104,45,110,3,39,100.0,5785.26
10192,105,45,99,1,45,100.0,5340.6
10204,106,45,100,1,35,100.0,5735.8
10212,139,45,52,8,45,100.0,6357.6
10226,182,45,149,1,46,100.0,7343.9
10240,157,45,100,12,37,100.0,5959.22
10253,109,45,192,7,31,100.0,4029.38
10266,110,45,151,13,33,100.0,5035.14
10278,158,45,184,1,31,100.0,4116.8
10287,112,45,70,18,27,100.0,4310.55
10301,159,45,170,3,39,100.0,6446.7
10311,114,45,120,8,32,100.0,3616.64
10321,46,45,9,1,28,100.0,4232.76
10331,160,45,17,1,26,67.91,1765.66
10343,21,45,78,2,44,84.88,3734.72
10367,184,45,112,1,46,100.0,4808.38
10379,185,45,80,8,32,70.83,2266.56
10406,164,45,155,14,65,100.0,10468.9
10419,117,45,70,6,43,100.0,5589.14
10108,99,46,169,16,43,67.77,2914.11
10122,100,46,83,2,35,49.74,1740.9
10135,101,46,131,1,45,50.36,2266.2
10146,230,46,37,1,47,67.14,3155.58
10159,5,46,182,1,21,64.66,1357.86
10169,103,46,168,4,38,68.39,2598.82
10180,7,46,65,2,21,50.36,1057.56
10191,105,46,125,17,43,72.74,3127.82
10211,10,46,85,2,46,54.09,2488.14
10224,134,46,143,2,38,58.44,2220.72
10237,12,46,168,1,26,52.22,1357.72
10252,225,46,71,2,31,52.84,1638.04
10264,231,46,154,1,48,54.71,2626.08
10276,111,46,21,1,33,50.36,1661.88
10286,232,46,186,2,38,57.2,2173.6
10299,17,46,75,5,39,55.95,2182.05
10310,114,46,85,17,42,67.14,2819.88
10319,115,46,47,1,44,59.06,2598.64
10330,228,46,151,16,29,69.63,2019.27
10342,21,46,37,4,26,55.95,1454.7
10355,229,46,91,8,31,53.47,1657.57
10363,116,46,25,5,32,89.12,2851.84
10378,185,46,143,8,28,100.0,4609.64
10390,163,46,55,1,36,100.0,5079.96
10403,25,46,49,7,36,52.22,1879.92
10106,187,47,4,13,41,100.0,4774.86
10119,64,47,162,6,27,99.52,2687.04
10130,188,47,129,1,33,100.0,3423.75
10143,66,47,132,1,34,100.0,3455.76
10155,67,47,93,5,29,100.0,3622.97
10167,68,47,152,9,34,100.0,3599.58
10178,69,47,14,2,48,100.0,5386.56
10186,70,47,26,7,46,100.0,4918.78
10197,71,47,199,8,22,100.0,2538.8
10209,72,47,30,1,20,100.0,2498.6
10222,73,47,140,1,45,85.75,3858.75
10249,233,47,127,1,46,100.0,5600.5
10262,191,47,134,8,34,100.0,4103.46
10273,76,47,136,15,50,85.75,4287.5
10283,77,47,120,11,46,100.0,5795.54
10296,193,47,72,17,22,84.7,1863.4
10307,79,47,193,1,48,86.81,4166.88
10316,80,47,38,7,47,86.81,4080.07
10328,234,47,101,13,34,100.0,3815.48
10338,195,47,163,15,45,100.0,5526.45
10351,196,47,93,7,20,100.0,3374.6
10373,85,47,121,5,50,60.49,3024.5
10386,197,47,15,8,22,57.55,1266.1
10398,198,47,36,2,45,100.0,4811.85
10400,88,47,100,1,58,100.0,7307.42
10415,235,47,14,4,51,100.0,6209.25
10104,135,48,59,8,38,100.0,5348.5
10117,118,48,47,10,22,100.0,2780.58
10127,119,48,11,1,25,100.0,3447.0
10142,120,48,158,1,24,100.0,3791.52
10152,236,48,59,4,35,100.0,4524.1
10165,122,48,10,10,28,100.0,3337.6
10176,33,48,119,13,36,100.0,5532.12
10185,70,48,127,1,39,100.0,5096.91
10196,71,48,35,1,27,100.0,4537.08
10207,92,48,96,1,40,100.0,6146.8
10220,124,48,56,19,50,100.0,8258.0
10230,136,48,116,17,42,100.0,7238.28
10247,126,48,117,5,48,100.0,6756.0
10272,127,48,51,1,25,100.0,3734.0
10282,77,48,110,1,31,100.0,4674.8
10292,43,48,51,1,44,100.0,7140.76
10306,79,48,84,7,23,100.0,3600.65
10314,97,48,72,14,29,100.0,4206.74
10324,81,48,50,1,49,100.0,5379.71
10337,82,48,31,1,36,100.0,5679.36
10349,141,48,137,1,34,100.0,4394.84
10358,49,48,113,8,25,100.0,2528.25
10372,137,48,174,12,48,100.0,7031.52
10383,206,48,89,8,38,100.0,5340.9
10394,223,48,182,8,37,100.0,6376.58
10413,131,48,177,1,49,100.0,6896.75
10100,200,49,159,1,22,86.51,1903.22
10110,179,49,23,7,28,89.27,2499.56
10124,167,49,82,1,36,85.59,3081.24
10148,154,49,34,4,34,100.0,3598.22
10162,170,49,169,1,39,100.0,3912.09
10173,156,49,92,13,21,75.46,1584.66
10182,104,49,95,1,36,100.0,3942.72
10193,171,49,43,4,24,97.55,2341.2
10204,106,49,25,1,29,85.59,2482.11
10213,237,49,168,7,38,94.79,3602.02
10227,173,49,196,2,34,100.0,3566.94
10241,157,49,190,2,42,90.19,3787.98
10280,42,49,144,13,35,100.0,3704.05
10288,183,49,63,10,35,80.99,2834.65
10302,67,49,128,7,38,89.27,3392.26
10311,114,49,55,8,41,81.91,3358.31
10332,160,49,20,7,50,100.0,7310.0
10344,202,49,157,2,21,100.0,2203.11
10367,184,49,10,1,43,62.72,2696.96
10380,177,49,31,8,32,100.0,3376.64
10407,186,49,82,1,6,90.19,541.14
10420,203,49,83,4,66,92.95,6134.7
10105,63,50,87,14,41,82.5,3382.5
10117,118,50,191,10,23,97.42,2240.66
10128,219,50,103,8,43,92.16,3962.88
10142,120,50,168,1,24,70.22,1685.28
10153,121,50,117,8,22,83.38,1834.36
10166,91,50,11,1,26,73.73,1916.98
10177,220,50,125,8,35,74.6,2611.0
10185,70,50,61,1,47,77.24,3630.28
10197,71,50,148,8,50,100.0,5090.5
10208,123,50,88,2,45,87.77,3949.65
10221,221,50,96,15,39,89.53,3491.67
10232,222,50,115,7,23,89.53,2059.19
10248,74,50,45,1,42,75.48,3170.16
10261,75,50,85,11,20,89.53,1790.6
10273,76,50,58,15,33,71.09,2345.97
10283,77,50,73,11,34,100.0,3580.88
10293,128,50,107,13,49,100.0,4946.06
10306,79,50,61,7,39,90.4,3525.6
10315,238,50,167,2,36,100.0,3602.16
10326,224,50,54,9,50,86.01,4300.5
10337,82,50,73,1,29,100.0,4498.19
10350,83,50,30,8,30,100.0,3023.1
10372,137,50,169,12,41,86.89,3562.49
10383,206,50,70,8,28,58.58,1640.24
10396,142,50,93,1,45,100.0,4739.4
10414,89,50,161,1,16,75.48,1207.68
10103,27,51,170,3,36,100.0,4228.2
10114,90,51,75,2,41,100.0,4815.45
10126,29,51,141,8,50,100.0,7083.0
10140,30,51,154,1,40,100.0,4601.2
10150,31,51,135,10,49,100.0,6467.02
10164,91,51,44,6,45,100.0,5012.55
10175,33,51,17,7,47,100.0,5121.59
10183,34,51,95,1,21,100.0,2441.04
10194,35,51,19,2,32,100.0,4262.08
10207,92,51,173,1,47,100.0,6658.02
10217,93,51,89,10,38,100.0,4509.08
10229,94,51,33,1,41,100.0,4716.23
10245,39,51,57,1,21,100.0,2390.22
10259,40,51,167,10,41,100.0,4666.62
10270,41,51,84,4,38,100.0,5383.08
10281,95,51,125,1,25,99.29,2482.25
10291,43,51,2,9,48,100.0,5288.64
10305,96,51,81,1,22,99.29,2184.38
10313,97,51,92,11,28,100.0,2881.76
10323,81,51,88,17,47,100.0,6203.06
10334,98,51,197,9,49,100.0,6763.47
10347,48,51,100,4,45,100.0,5884.65
10357,49,51,52,1,28,100.0,3559.64
10370,50,51,18,4,29,57.53,1668.37
10382,51,51,57,1,39,100.0,4890.6
10411,53,51,191,11,46,100.0,5235.72
10425,54,51,191,2,38,100.0,4325.16
10103,27,52,76,3,41,47.29,1938.89
10113,132,52,27,1,50,49.81,2490.5
10126,29,52,170,8,43,53.83,2314.69
10140,30,52,107,1,29,43.27,1254.83
10150,31,52,195,10,30,42.76,1282.8
10164,91,52,119,6,25,53.83,1345.75
10174,33,52,122,4,49,44.78,2194.22
10183,34,52,158,1,40,49.3,1972.0
10194,35,52,144,2,41,44.78,1835.98
10206,36,52,47,11,21,53.33,1119.93
10215,37,52,155,1,46,45.28,2082.88
10229,94,52,16,1,39,40.25,1569.75
10245,39,52,178,1,45,59.87,2694.15
10258,40,52,35,12,21,59.87,1257.27
10270,41,52,185,4,44,58.36,2567.84
10281,95,52,177,1,44,59.87,2634.28
10291,43,52,113,9,29,51.82,1502.78
10304,44,52,30,2,34,49.3,1676.2
10312,45,52,175,1,39,56.85,2217.15
10324,81,52,5,1,38,100.0,6832.02
10333,47,52,174,1,24,79.86,1916.64
10348,80,52,122,8,29,100.0,7110.8
10358,49,52,19,8,30,100.0,5302.8
10370,50,52,179,4,20,100.0,2730.0
10382,51,52,189,1,39,100.0,7827.3
10411,53,52,138,11,35,59.87,2095.45
10424,54,52,40,8,26,59.87,1556.62
10108,99,53,160,16,44,100.0,5565.12
10122,100,53,4,2,28,100.0,3583.16
10135,101,53,121,1,31,100.0,4705.18
10146,230,53,136,1,29,100.0,4444.54
10159,5,53,108,1,32,100.0,4618.88
10169,103,53,42,4,33,100.0,4910.4
10180,7,53,61,2,44,100.0,5565.12
10191,105,53,17,17,32,100.0,4237.76
10211,10,53,173,2,41,100.0,5673.58
10225,107,53,5,18,35,100.0,5260.15
10238,108,53,67,14,44,100.0,6350.96
10252,225,53,9,2,26,100.0,3559.4
10264,231,53,141,1,20,100.0,2410.6
10276,111,53,6,1,48,100.0,5713.92
10287,112,53,106,18,34,100.0,4300.32
10299,17,53,37,5,49,100.0,7947.31
10310,114,53,68,17,40,100.0,5356.8
10319,115,53,127,1,45,100.0,7901.1
10330,228,53,101,16,50,100.0,6101.0
10342,21,53,77,4,38,100.0,6276.46
10355,229,53,14,8,25,100.0,4203.5
10363,116,53,138,5,28,58.18,1629.04
10378,185,53,112,8,49,67.14,3289.86
10390,163,53,79,1,49,100.0,6862.94
10110,179,54,191,7,42,61.29,2574.18
10124,167,54,145,1,23,57.73,1327.79
10148,154,54,60,4,29,81.25,2356.25
10161,155,54,175,14,25,80.54,2013.5
10173,156,54,58,13,39,71.98,2807.22
10182,104,54,19,1,44,69.84,3072.96
10193,171,54,144,4,25,76.26,1906.5
10204,106,54,160,1,45,76.26,3431.7
10213,237,54,78,7,25,83.39,2084.75
10227,173,54,37,2,37,57.73,2136.01
10241,157,54,200,2,30,66.99,2009.7
10267,239,54,117,1,36,75.55,2719.8
10279,240,54,112,8,26,60.58,1575.08
10288,183,54,15,10,23,73.41,1688.43
10302,67,54,10,7,23,72.7,1672.1
10311,114,54,80,8,25,66.99,1674.75
10332,160,54,170,7,21,100.0,3472.98
10344,202,54,167,2,26,63.43,1649.18
10367,184,54,183,1,44,85.25,3751.0
10380,177,54,87,8,24,100.0,4536.0
10407,186,54,74,1,66,66.99,4421.34
10420,203,54,170,4,36,57.73,2078.28
10110,179,55,167,7,36,85.25,3069.0
10124,167,55,196,1,22,77.9,1713.8
10148,154,55,89,4,25,60.26,1506.5
10161,155,55,151,14,37,72.76,2692.12
10172,156,55,37,1,32,75.69,2422.08
10182,104,55,194,1,47,74.22,3488.34
10192,105,55,50,1,37,69.82,2583.34
10204,106,55,31,1,20,62.47,1249.4
10212,139,55,148,8,41,82.31,3374.71
10226,182,55,97,1,21,60.26,1265.46
10241,157,55,185,2,22,76.43,1681.46
10267,239,55,126,1,40,80.1,3204.0
10279,240,55,176,8,32,74.96,2398.72
10288,183,55,197,10,36,66.14,2381.04
10301,159,55,53,3,27,72.02,1944.54
10311,114,55,177,8,26,87.45,2273.7
10321,46,55,158,1,30,70.55,2116.5
10332,160,55,177,7,23,56.84,1307.32
10344,202,55,116,2,29,59.53,1726.37
10367,184,55,8,1,21,60.37,1267.77
10380,177,55,132,8,34,100.0,3441.82
10407,186,55,136,1,26,76.43,1987.18
10420,203,55,28,4,60,64.67,3880.2
10104,135,56,140,8,35,55.49,1942.15
10115,144,56,30,1,47,69.36,3259.92
10127,119,56,191,1,20,60.69,1213.8
10141,145,56,44,5,20,54.33,1086.6
10152,236,56,159,4,25,65.31,1632.75
10165,122,56,127,10,25,69.36,1734.0
10176,33,56,112,13,27,68.78,1857.06
10184,70,56,180,8,31,60.11,1863.41
10195,35,56,99,1,44,66.47,2924.68
10207,92,56,142,1,49,46.82,2294.18
10220,124,56,184,19,26,56.07,1457.82
10230,136,56,32,17,36,54.33,1955.88
10246,126,56,5,8,44,52.6,2314.4
10259,40,56,71,10,28,46.82,1310.96
10271,127,56,183,1,45,64.74,2913.3
10282,77,56,55,1,29,46.82,1357.78
10292,43,56,122,1,40,53.75,2150.0
10305,96,56,149,1,45,61.85,2783.25
10314,97,56,118,14,44,53.18,2339.92
10324,81,56,128,1,25,69.16,1729.0
10336,129,56,179,2,45,100.0,5972.4
10349,141,56,107,1,48,47.4,2275.2
10358,49,56,58,8,44,60.76,2673.44
10371,130,56,140,1,25,97.27,2431.75
10383,206,56,166,8,22,91.76,2018.72
10394,223,56,173,8,31,50.29,1558.99
10412,148,56,1,8,21,52.6,1104.6
10425,54,56,47,2,55,46.82,2575.1
10107,1,57,53,1,25,100.0,2845.75
10120,55,57,1,4,35,98.05,3431.75
10134,3,57,160,2,35,93.54,3273.9
10145,4,57,89,1,43,95.8,4119.4
10159,5,57,55,1,44,100.0,5355.68
10168,6,57,57,1,50,100.0,5747.5
10180,7,57,40,2,48,100.0,5355.36
10188,8,57,44,3,25,100.0,2535.75
10201,9,57,76,1,39,100.0,4351.23
10211,10,57,154,2,25,90.16,2254.0
10223,11,57,70,4,32,91.29,2921.28
10237,12,57,66,1,20,100.0,2299.0
10251,13,57,123,1,26,100.0,2637.18
10263,14,57,106,1,42,100.0,4307.52
10275,15,57,88,2,21,100.0,2153.76
10285,16,57,2,1,34,100.0,3716.88
10299,17,57,173,5,47,100.0,5455.76
10309,18,57,134,3,21,100.0,2650.62
10318,19,57,57,1,48,100.0,6437.28
10329,20,57,67,1,30,87.78,2633.4
10339,59,57,117,12,27,84.39,2278.53
10362,62,57,28,1,50,96.92,4846.0
10374,60,57,64,4,38,100.0,4197.1
10389,24,57,35,9,45,100.0,4597.65
10403,25,57,67,7,46,100.0,5287.7
10417,26,57,134,8,35,100.0,3550.05
10110,179,58,132,7,29,59.37,1721.73
10123,180,58,47,2,50,59.87,2993.5
10137,181,58,40,2,26,49.81,1295.06
10148,154,58,196,4,47,56.85,2671.95
10161,155,58,47,14,23,53.33,1226.59
10172,156,58,175,1,34,42.76,1453.84
10181,104,58,171,3,34,53.83,1830.22
10192,105,58,25,1,47,53.83,2530.01
10204,106,58,197,1,45,49.81,2241.45
10212,139,58,74,8,45,53.33,2399.85
10226,182,58,40,1,36,43.27,1557.72
10241,157,58,43,2,21,40.25,845.25
10266,110,58,153,13,28,48.3,1352.4
10278,158,58,174,1,35,45.28,1584.8
10288,183,58,97,10,50,52.32,2616.0
10301,159,58,148,3,22,51.32,1129.04
10311,114,58,4,8,45,49.3,2218.5
10321,46,58,105,1,48,42.26,2028.48
10332,160,58,26,7,20,87.96,1759.2
10343,21,58,52,2,27,36.21,977.67
10367,184,58,119,1,38,38.5,1463.0
10379,185,58,158,8,32,100.0,3970.56
10407,186,58,173,1,64,40.25,2576.0
10420,203,58,110,4,37,60.37,2233.69
10106,187,59,156,13,28,88.63,2481.64
10120,55,59,37,4,39,100.0,4651.53
10133,210,59,200,8,41,94.1,3858.1
10145,4,59,94,1,40,87.54,3501.6
10168,6,59,48,1,49,100.0,6433.7
10210,56,59,85,12,27,98.48,2658.96
10223,11,59,149,4,34,100.0,3608.76
10235,211,59,143,11,23,96.29,2214.67
10250,190,59,167,1,31,88.63,2747.53
10262,191,59,143,8,34,97.38,3310.92
10275,15,59,90,2,25,95.2,2380.0
10284,192,59,136,3,22,100.0,2310.88
10297,212,59,179,19,32,100.0,4061.76
10308,18,59,34,1,31,100.0,3493.7
10316,80,59,8,7,25,100.0,2872.25
10328,234,59,105,13,47,87.54,4114.38
10339,59,59,123,12,21,50.65,1063.65
10353,213,59,184,1,28,71.73,2008.44
10374,60,59,57,4,46,94.1,4328.6
10386,197,59,134,8,33,41.71,1376.43
10398,198,59,88,2,43,100.0,5552.16
10401,214,59,117,1,38,96.29,3659.02
10416,199,59,199,13,47,88.63,4165.61
10101,207,60,71,17,45,31.2,1404.0
10110,179,60,144,7,20,35.51,710.2
10124,167,60,28,1,45,37.84,1702.8
10149,169,60,28,1,36,33.19,1194.84
10162,170,60,4,1,37,27.22,1007.14
10173,156,60,134,13,31,31.53,977.43
10182,104,60,159,1,39,36.84,1436.76
10193,171,60,62,4,26,29.21,759.46
10205,172,60,134,8,32,37.17,1189.44
10214,201,60,88,8,20,34.19,683.8
10227,173,60,74,2,42,29.21,1226.82
10243,208,60,139,1,33,29.54,974.82
10280,42,60,58,13,20,28.88,577.6
10288,183,60,115,10,29,38.17,1106.93
10304,44,60,66,2,23,30.2,694.6
10312,45,60,139,1,39,29.54,1152.06
10322,46,60,30,1,20,100.0,2624.0
10332,160,60,71,7,45,81.91,3685.95
10344,202,60,193,2,20,35.18,703.6
10356,161,60,103,2,48,100.0,9720.0
10367,184,60,38,1,23,36.29,834.67
10380,177,60,50,8,32,70.56,2257.92
10391,52,60,184,4,33,100.0,8344.71
10409,209,60,89,10,61,29.54,1801.94
10420,203,60,175,4,45,26.88,1209.6
10107,1,61,92,1,38,83.03,3155.14
10120,55,61,79,4,34,83.79,2848.86
10134,3,61,129,2,43,83.03,3570.29
10145,4,61,190,1,47,83.03,3902.41
10158,5,61,131,3,22,67.03,1474.66
10168,6,61,187,1,29,75.41,2186.89
10180,7,61,11,2,28,68.55,1919.4
10188,8,61,116,3,40,91.4,3656.0
10201,9,61,91,1,25,73.88,1847.0
10210,56,61,158,12,30,61.7,1851.0
10223,11,61,86,4,38,69.31,2633.78
10236,57,61,93,1,36,87.6,3153.6
10250,190,61,41,1,32,87.6,2803.2
10263,14,61,173,1,37,62.46,2311.02
10275,15,61,48,2,30,79.98,2399.4
10285,16,61,44,1,39,70.08,2733.12
10297,212,61,145,19,32,65.51,2096.32
10308,18,61,25,1,47,63.22,2971.34
10318,19,61,59,1,26,86.83,2257.58
10329,20,61,45,1,37,94.43,3493.91
10340,21,61,105,8,55,79.98,4398.9
10363,116,61,103,5,21,100.0,3595.62
10375,23,61,131,2,23,100.0,2443.29
10389,24,61,82,9,49,81.4,3988.6
10402,61,61,93,2,59,87.6,5168.4
10416,199,61,151,13,32,87.6,2803.2
10105,63,62,174,14,43,100.0,6341.21
10117,118,62,36,10,41,100.0,5189.78
10129,65,62,31,7,45,100.0,6027.75
10142,120,62,102,1,33,100.0,3366.0
10153,121,62,23,8,40,100.0,5456.4
10167,68,62,83,9,33,100.0,3812.16
10177,220,62,114,8,50,100.0,6083.0
10185,70,62,112,1,30,100.0,3170.7
10197,71,62,172,8,41,100.0,4534.6
10208,123,62,27,2,35,100.0,4301.15
10221,221,62,67,15,49,100.0,6804.63
10232,222,62,105,7,46,100.0,5652.94
10248,74,62,43,1,48,100.0,6960.48
10261,75,62,131,11,36,100.0,4512.6
10273,76,62,187,15,22,100.0,2784.76
10283,77,62,23,11,42,100.0,5316.36
10293,128,62,152,13,21,100.0,2941.89
10306,79,62,160,7,29,100.0,3207.4
10315,238,62,64,2,35,100.0,4215.05
10326,224,62,85,9,41,100.0,4333.29
10337,82,62,7,1,29,71.97,2087.13
10350,83,62,20,8,34,50.33,1711.22
10372,137,62,145,12,37,100.0,3910.53
10384,86,62,24,1,28,80.54,2255.12
10396,142,62,133,1,49,100.0,5720.75
10414,89,62,197,1,23,100.0,3335.23
10101,207,63,71,17,46,53.76,2472.96
10110,179,63,141,7,39,44.35,1729.65
10124,167,63,55,1,22,45.25,995.5
10149,169,63,116,1,49,49.28,2414.72
10162,170,63,114,1,43,36.29,1560.47
10173,156,63,190,13,27,41.22,1112.94
10182,104,63,32,1,31,36.74,1138.94
10193,171,63,37,4,20,50.62,1012.4
10205,172,63,174,8,24,38.08,913.92
10214,201,63,69,8,49,47.94,2349.06
10227,173,63,141,2,24,48.38,1161.12
10244,174,63,118,8,39,45.25,1764.75
10255,215,63,78,2,37,45.7,1690.9
10280,42,63,32,13,45,47.49,2137.05
10289,176,63,123,3,45,48.38,2177.1
10304,44,63,167,2,44,39.42,1734.48
10312,45,63,85,1,23,37.63,865.49
10322,46,63,87,1,30,100.0,3500.1
10332,160,63,25,7,26,85.52,2223.52
10345,202,63,135,2,43,53.76,2311.68
10356,161,63,49,2,26,31.86,828.36
10367,184,63,61,1,28,30.59,856.52
10380,177,63,51,8,27,68.35,1845.45
10391,52,63,20,4,24,100.0,4042.08
10421,203,63,49,1,40,45.7,1828.0
10103,27,64,56,3,36,100.0,3680.28
10114,90,64,117,2,21,100.0,2925.09
10126,29,64,25,8,27,100.0,3415.77
10140,30,64,119,1,47,100.0,5105.14
10151,146,64,44,5,42,100.0,5098.8
10165,122,64,58,10,32,100.0,4661.76
10175,33,64,14,7,28,100.0,2969.96
10184,70,64,71,8,24,100.0,3496.32
10194,35,64,88,2,49,100.0,5760.93
10207,92,64,95,1,46,100.0,6819.04
10217,93,64,71,10,28,100.0,3148.88
10229,94,64,73,1,48,100.0,5704.32
10246,126,64,179,8,29,100.0,3520.6
10259,40,64,47,10,47,100.0,5285.62
10271,127,64,185,1,43,100.0,5605.05
10281,95,64,88,1,25,100.0,2779.5
10291,43,64,119,9,48,100.0,5398.08
10305,96,64,37,1,24,100.0,3189.6
10313,97,64,30,11,42,100.0,5581.8
10324,81,64,65,1,31,100.0,3820.44
10334,98,64,58,9,42,100.0,5528.04
10348,80,64,125,8,37,100.0,5981.42
10358,49,64,30,8,41,100.0,5684.65
10371,130,64,26,1,20,100.0,3449.4
10382,51,64,90,1,20,100.0,2654.4
10412,148,64,10,8,70,100.0,8498.0
10425,54,64,62,2,49,100.0,5510.54
10108,99,65,84,16,35,58.87,2060.45
10121,2,65,126,2,32,76.88,2460.16
10135,101,65,152,1,29,61.64,1787.56
10145,4,65,2,1,27,60.95,1645.65
10159,5,65,61,1,27,80.34,2169.18
10169,103,65,10,4,38,74.11,2816.18
10180,7,65,132,2,35,72.03,2521.05
10190,241,65,119,8,42,76.19,3199.98
10211,10,65,88,2,21,63.72,1338.12
10224,134,65,34,2,37,80.34,2972.58
10237,12,65,10,1,26,79.65,2070.9
10252,225,65,134,2,47,65.8,3092.6
10264,231,65,46,1,37,65.1,2408.7
10276,111,65,10,1,46,75.49,3472.54
10285,16,65,172,1,38,59.56,2263.28
10299,17,65,32,5,33,66.49,2194.17
10309,18,65,84,3,24,56.1,1346.4
10319,115,65,100,1,31,81.73,2533.63
10330,228,65,190,16,42,81.03,3403.26
10341,21,65,17,6,32,100.0,3307.2
10355,229,65,109,8,41,70.65,2896.65
10363,116,65,199,5,43,61.23,2632.89
10375,23,65,9,2,20,100.0,2046.0
10390,163,65,156,1,35,65.13,2279.55
10403,25,65,179,7,27,79.65,2150.55
10110,179,66,24,7,43,78.15,3360.45
10124,167,66,89,1,32,72.7,2326.4
10148,154,66,109,4,21,73.6,1545.6
10161,155,66,102,14,20,100.0,2144.6
10172,156,66,180,1,22,74.51,1639.22
10182,104,66,81,1,36,73.6,2649.6
10192,105,66,170,1,46,83.6,3845.6
10204,106,66,196,1,47,96.32,4527.04
10212,139,66,88,8,45,88.14,3966.3
10227,173,66,85,2,47,88.14,4142.58
10241,157,66,5,2,47,94.5,4441.5
10267,239,66,113,1,38,87.24,3315.12
10279,240,66,133,8,49,79.97,3918.53
10288,183,66,77,10,35,80.87,2830.45
10302,67,66,68,7,49,100.0,5298.86
10311,114,66,100,8,28,93.6,2620.8
10321,46,66,35,1,30,72.7,2181.0
10332,160,66,27,7,39,86.72,3382.08
10346,48,66,15,1,25,100.0,2876.75
10368,242,66,30,1,40,100.0,4107.2
10380,177,66,115,8,36,37.5,1350.0
10407,186,66,131,1,76,94.5,7182.0
10420,203,66,123,4,39,100.0,3933.93
10104,135,67,131,8,44,39.6,1742.4
10114,90,67,179,2,24,30.06,721.44
10127,119,67,72,1,39,38.19,1489.41
10141,145,67,71,5,21,42.43,891.03
10151,146,67,12,5,30,40.31,1209.3
10165,122,67,130,10,27,31.82,859.14
10175,33,67,71,7,37,31.12,1151.44
10184,70,67,4,8,42,31.82,1336.44
10195,35,67,26,1,32,28.29,905.28
10207,92,67,183,1,42,29.7,1247.4
10219,147,67,140,1,21,40.31,846.51
10229,94,67,155,1,33,32.88,1085.04
10246,126,67,97,8,49,36.07,1767.43
10259,40,67,191,10,31,33.24,1030.44
10271,127,67,194,1,38,41.72,1585.36
10281,95,67,142,1,20,40.66,813.2
10292,43,67,82,1,39,30.06,1172.34
10305,96,67,166,1,48,31.47,1510.56
10314,97,67,59,14,39,37.13,1448.07
10324,81,67,126,1,30,100.0,3338.1
10335,98,67,88,1,33,37.13,1225.29
10349,141,67,101,1,36,37.13,1336.68
10358,49,67,41,8,36,82.94,2985.84
10371,130,67,129,1,45,100.0,5545.8
10383,206,67,63,8,40,100.0,6089.6
10394,223,67,82,8,46,38.9,1789.4
10412,148,67,193,8,30,36.07,1082.1
10425,54,67,177,2,31,33.24,1030.44
10106,187,68,10,13,49,74.68,3659.32
10119,64,68,80,6,41,59.6,2443.6
10131,188,68,117,1,35,67.14,2349.9
10143,66,68,182,1,27,60.97,1646.19
10155,67,68,22,5,23,72.62,1670.26
10167,68,68,96,9,21,69.88,1467.48
10178,69,68,47,2,34,80.84,2748.56
10186,70,68,76,7,22,69.2,1522.4
10198,189,68,124,16,48,67.82,3255.36
10209,72,68,104,1,43,82.21,3535.03
10222,73,68,41,1,32,81.53,2608.96
10249,233,68,105,1,20,67.82,1356.4
10262,191,68,152,8,24,67.14,1611.36
10274,76,68,20,1,40,65.08,2603.2
10284,192,68,147,3,30,73.99,2219.7
10296,193,68,133,17,21,71.25,1496.25
10307,79,68,87,1,25,75.36,1884.0
10316,80,68,65,7,34,63.71,2166.14
10328,234,68,34,13,48,58.92,2828.16
10339,59,68,158,12,55,100.0,6214.45
10351,196,68,91,7,25,74.68,1867.0
10373,85,68,4,5,38,70.44,2676.72
10386,197,68,127,8,39,55.96,2182.44
10398,198,68,136,2,28,57.55,1611.4
10400,88,68,73,1,24,61.66,1479.84
10415,235,68,101,4,21,67.82,1424.22
10110,179,69,41,7,46,100.0,5942.28
10124,167,69,193,1,25,93.95,2348.75
10148,154,69,200,4,34,100.0,4392.12
10161,155,69,134,14,25,100.0,2759.75
10173,156,69,164,13,23,100.0,2728.03
10182,104,69,73,1,20,100.0,2395.8
10192,105,69,36,1,23,100.0,3052.33
10204,106,69,157,1,42,100.0,4242.0
10213,237,69,133,7,27,100.0,2790.45
10227,173,69,76,2,33,100.0,4340.49
10241,157,69,78,2,28,98.65,2762.2
10267,239,69,15,1,43,100.0,4645.72
10279,240,69,177,8,48,100.0,5580.96
10288,183,69,11,10,48,100.0,6539.04
10302,67,69,86,7,45,100.0,5548.95
10311,114,69,191,8,43,100.0,4595.41
10332,160,69,110,7,44,42.26,1859.44
10346,48,69,67,1,24,87.24,2093.76
10368,242,69,125,1,31,100.0,4223.13
10380,177,69,166,8,44,36.29,1596.76
10407,186,69,14,1,59,98.65,5820.35
10420,203,69,74,4,55,96.3,5296.5
10109,152,70,53,1,29,32.1,930.9
10122,100,70,5,2,39,30.96,1207.44
10135,101,70,30,1,20,35.87,717.4
10147,102,70,148,1,25,42.67,1066.75
10160,138,70,146,1,42,37.0,1554.0
10171,156,70,89,11,36,35.49,1277.64
10181,104,70,58,3,37,42.67,1578.79
10192,105,70,47,1,30,30.59,917.7
10203,106,70,173,8,21,37.0,777.0
10212,139,70,142,8,34,43.42,1476.28
10225,107,70,45,18,42,36.63,1538.46
10239,149,70,48,5,20,44.56,891.2
10253,109,70,144,7,40,42.67,1706.8
10266,110,70,96,13,34,40.4,1373.6
10278,158,70,116,1,31,38.89,1205.59
10287,112,70,11,18,36,39.65,1427.4
10301,159,70,46,3,48,34.36,1649.28
10310,114,70,73,17,33,41.91,1383.03
10321,46,70,64,1,37,33.23,1229.51
10331,160,70,178,1,27,42.24,1140.48
10342,21,70,97,4,39,40.4,1575.6
10355,229,70,102,8,36,38.52,1386.72
10367,184,70,149,1,36,100.0,5018.4
10378,185,70,92,8,41,100.0,5856.85
10390,163,70,150,1,37,100.0,4894.73
10405,151,70,119,2,47,44.56,2094.32
10419,117,70,138,6,15,42.67,640.05
10105,63,71,15,14,44,72.58,3193.52
10119,64,71,39,6,35,87.62,3066.7
10129,65,71,7,7,41,94.71,3883.11
10142,120,71,197,1,49,98.25,4814.25
10154,243,71,3,1,31,91.17,2826.27
10167,68,71,168,9,20,79.66,1593.2
10177,220,71,79,8,45,72.58,3266.1
10185,70,71,74,1,33,74.35,2453.55
10197,71,71,88,8,47,83.2,3910.4
10208,123,71,185,2,20,89.4,1788.0
10222,73,71,59,1,47,70.81,3328.07
10233,244,71,71,1,40,94.71,3788.4
10248,74,71,19,1,30,100.0,3053.7
10261,75,71,84,11,22,91.17,2005.74
10273,76,71,75,15,27,100.0,2796.12
10283,77,71,99,11,34,92.94,3159.96
10295,78,71,72,1,46,84.97,3908.62
10306,79,71,181,7,31,84.08,2606.48
10315,238,71,114,2,24,86.74,2081.76
10326,224,71,89,9,41,85.85,3519.85
10339,59,71,113,12,55,100.0,10758.0
10350,83,71,5,8,30,100.0,3021.0
10373,85,71,32,5,33,57.32,1891.56
10384,86,71,85,1,43,97.87,4208.41
10396,142,71,15,1,27,83.2,2246.4
10414,89,71,14,1,60,100.0,6107.4
10110,179,72,171,7,27,73.62,1987.74
10124,167,72,132,1,49,83.04,4068.96
10148,154,72,31,4,31,73.62,2282.22
10161,155,72,173,14,20,77.05,1541.0
10172,156,72,27,1,24,81.33,1951.92
10182,104,72,99,1,33,94.17,3107.61
10192,105,72,57,1,32,72.77,2328.64
10204,106,72,61,1,40,79.62,3184.8
10212,139,72,43,8,27,79.62,2149.74
10227,173,72,9,2,40,79.62,3184.8
10241,157,72,1,2,26,81.33,2114.58
10267,239,72,148,1,44,96.74,4256.56
10279,240,72,62,8,33,71.06,2344.98
10288,183,72,103,10,34,68.49,2328.66
10302,67,72,49,7,48,74.48,3575.04
10311,114,72,154,8,25,83.04,2076.0
10321,46,72,182,1,39,84.75,3305.25
10332,160,72,161,7,45,34.19,1538.55
10346,48,72,52,1,24,100.0,3325.92
10368,242,72,73,1,46,79.62,3662.52
10380,177,72,192,8,44,79.06,3478.64
10407,186,72,7,1,13,81.33,1057.29
10420,203,72,89,4,35,96.74,3385.9
10108,99,73,6,16,30,63.07,1892.1
10122,100,73,185,2,34,50.21,1707.14
10135,101,73,106,1,27,66.13,1785.51
10147,102,73,200,1,30,68.58,2057.4
10159,5,73,171,1,50,69.8,3490.0
10169,103,73,2,4,34,50.21,1707.14
10181,104,73,153,3,23,65.52,1506.96
10191,105,73,171,17,48,60.01,2880.48
10203,106,73,75,8,34,64.9,2206.6
10211,10,73,107,2,48,48.98,2351.04
10225,107,73,139,18,24,50.21,1205.04
10238,108,73,98,14,47,62.45,2935.15
10253,109,73,125,7,24,52.66,1263.84
10266,110,73,119,13,47,62.45,2935.15
10276,111,73,43,1,20,61.23,1224.6
10287,112,73,121,18,20,67.97,1359.4
10300,113,73,148,17,31,58.78,1822.18
10310,114,73,191,17,38,56.94,2163.72
10320,115,73,12,9,26,61.23,1591.98
10331,160,73,82,1,25,100.0,3078.5
10342,21,73,111,4,48,62.45,2997.6
10355,229,73,51,8,44,62.45,2747.8
10363,116,73,157,5,21,100.0,2447.76
10378,185,73,101,8,46,41.54,1910.84
10390,163,73,130,1,46,52.84,2430.64
10419,117,73,192,6,55,52.66,2896.3
10106,187,74,134,13,31,52.6,1630.6
10119,64,74,65,6,20,72.98,1459.6
10131,188,74,21,1,29,59.18,1716.22
10143,66,74,70,1,33,77.59,2560.47
10155,67,74,148,5,34,55.89,1900.26
10167,68,74,64,9,32,63.12,2019.84
10178,69,74,109,2,27,73.64,1988.28
10186,70,74,9,7,21,69.04,1449.84
10198,189,74,14,16,27,71.67,1935.09
10209,72,74,94,1,36,77.59,2793.24
10222,73,74,30,1,43,70.35,3025.05
10249,233,74,74,1,25,69.7,1742.5
10262,191,74,17,8,46,70.35,3236.1
10274,76,74,18,1,24,72.33,1735.92
10284,192,74,173,3,39,71.67,2795.13
10296,193,74,174,17,31,53.92,1671.52
10307,79,74,159,1,22,71.67,1576.74
10316,80,74,52,7,47,76.93,3615.71
10328,234,74,199,13,20,72.98,1459.6
10339,59,74,173,12,29,99.69,2891.01
10351,196,74,150,7,38,68.38,2598.44
10361,22,74,32,4,34,100.0,3871.92
10373,85,74,47,5,46,66.0,3036.0
10386,197,74,132,8,35,63.76,2231.6
10398,198,74,27,2,34,71.67,2436.78
10400,88,74,121,1,38,57.2,2173.6
10415,235,74,181,4,18,69.7,1254.6
10110,179,75,10,7,37,100.0,3724.42
10124,167,75,83,1,43,100.0,5203.0
10148,154,75,99,4,27,100.0,3469.5
10161,155,75,1,14,30,100.0,3148.2
10172,156,75,58,1,22,98.51,2167.22
10182,104,75,130,1,49,100.0,6244.07
10192,105,75,188,1,46,100.0,5566.0
10204,106,75,114,1,48,91.02,4368.96
10212,139,75,28,8,46,87.81,4039.26
10226,182,75,106,1,48,92.09,4420.32
10241,157,75,55,2,27,86.73,2341.71
10267,239,75,118,1,43,100.0,5110.98
10279,240,75,43,8,48,100.0,6168.0
10288,183,75,84,10,41,100.0,4873.26
10301,159,75,37,3,22,96.37,2120.14
10311,114,75,174,8,46,92.09,4236.14
10321,46,75,80,1,21,89.95,1888.95
10332,160,75,74,7,31,37.18,1152.58
10346,48,75,72,1,26,95.88,2492.88
10368,242,75,36,1,20,99.58,1991.6
10380,177,75,80,8,34,100.0,3953.18
10407,186,75,20,1,43,86.73,3729.39
10420,203,75,156,4,26,100.0,2617.16
10105,63,76,115,14,50,79.67,3983.5
10119,64,76,58,6,35,90.57,3169.95
10129,65,76,194,7,50,77.99,3899.5
10143,66,76,101,1,23,80.51,1851.73
10155,67,76,105,5,37,67.93,2513.41
10167,68,76,6,9,29,83.86,2431.94
10178,69,76,18,2,21,72.12,1514.52
10186,70,76,121,7,36,85.54,3079.44
10197,71,76,139,8,22,86.38,1900.36
10209,72,76,184,1,22,89.73,1974.06
10222,73,76,196,1,46,80.51,3703.46
10248,74,76,170,1,23,76.31,1755.13
10262,191,76,142,8,49,87.21,4273.29
10273,76,76,164,15,48,83.02,3984.96
10283,77,76,157,11,33,72.96,2407.68
10296,193,76,53,17,22,77.15,1697.3
10307,79,76,84,1,22,91.41,2011.02
10316,80,76,54,7,25,92.25,2306.25
10326,224,76,164,9,20,92.25,1845.0
10339,59,76,199,12,42,59.36,2493.12
10350,83,76,86,8,25,60.34,1508.5
10373,85,76,134,5,23,100.0,2394.3
10385,245,76,13,1,37,85.54,3164.98
10396,142,76,64,1,37,90.57,3351.09
10400,88,76,163,1,42,72.96,3064.32
10414,89,76,66,1,51,76.31,3891.81
10108,99,77,80,16,40,100.0,5448.8
10122,100,77,149,2,43,100.0,5494.97
10135,101,77,3,1,47,100.0,6336.07
10147,102,77,130,1,23,100.0,2906.97
10160,138,77,26,1,35,100.0,4767.7
10170,103,77,25,6,34,100.0,3819.56
10181,104,77,97,3,25,100.0,3861.75
10192,105,77,159,1,45,100.0,6319.35
10203,106,77,31,8,47,100.0,6996.42
10212,139,77,54,8,49,100.0,6949.67
10225,107,77,174,18,40,100.0,4550.0
10239,149,77,77,5,29,100.0,4479.63
10253,109,77,71,7,39,100.0,5148.0
10266,110,77,58,13,24,100.0,2932.08
10278,158,77,135,1,25,100.0,3159.75
10287,112,77,38,18,36,100.0,4297.32
10301,159,77,136,3,50,100.0,7723.5
10310,114,77,46,17,45,100.0,5497.65
10321,46,77,183,1,26,100.0,4052.88
10331,160,77,74,1,21,100.0,3135.93
10342,21,77,98,4,42,100.0,5013.54
10355,229,77,23,8,32,100.0,5302.72
10363,116,77,83,5,31,94.58,2931.98
10378,185,77,2,8,33,53.27,1757.91
10390,163,77,57,1,45,100.0,6763.05
10405,151,77,47,2,76,100.0,11739.7
10419,117,77,45,6,70,100.0,9240.0
10106,187,78,54,13,50,64.83,3241.5
10119,64,78,73,6,28,70.29,1968.12
10131,188,78,14,1,50,81.89,4094.5
10143,66,78,192,1,28,66.19,1853.32
10155,67,78,3,5,44,77.11,3392.84
10168,6,78,109,1,27,73.02,1971.54
10178,69,78,149,2,30,72.33,2169.9
10198,189,78,18,16,43,66.19,2846.17
10210,56,78,183,12,29,69.6,2018.4
10222,73,78,84,1,48,56.64,2718.72
10235,211,78,154,11,33,60.05,1981.65
10250,190,78,86,1,40,75.06,3002.4
10262,191,78,172,8,48,61.42,2948.16
10275,15,78,5,2,41,81.89,3357.49
10284,192,78,78,3,21,55.96,1175.16
10296,193,78,95,17,32,71.65,2292.8
10308,18,78,84,1,43,76.43,3286.49
10316,80,78,166,7,30,77.79,2333.7
10328,234,78,144,13,35,76.43,2675.05
10339,59,78,3,12,45,96.92,4361.4
10351,196,78,170,7,34,59.37,2018.58
10361,22,78,186,4,26,100.0,3710.98
10373,85,78,64,5,39,73.0,2847.0
10386,197,78,91,8,41,73.32,3006.12
10398,198,78,146,2,41,68.24,2797.84
10401,214,78,34,1,64,60.05,3843.2
10416,199,78,76,13,18,75.06,1351.08
10100,200,79,129,1,49,34.47,1689.03
10110,179,79,117,7,48,34.47,1654.56
10124,167,79,136,1,46,33.23,1528.58
10149,169,79,167,1,26,38.98,1013.48
10162,170,79,58,1,37,38.98,1442.26
10173,156,79,43,13,35,33.23,1163.05
10182,104,79,19,1,23,42.26,971.98
10193,171,79,47,4,22,41.03,902.66
10204,106,79,194,1,39,33.23,1295.97
10214,201,79,48,8,44,34.88,1534.72
10227,173,79,31,2,27,43.9,1185.3
10242,246,79,75,1,46,36.93,1698.78
10280,42,79,75,13,33,41.85,1381.05
10288,183,79,68,10,33,40.62,1340.46
10303,205,79,125,8,24,40.21,965.04
10312,45,79,71,1,31,35.29,1093.99
10332,160,79,12,7,41,77.24,3166.84
10346,48,79,143,1,22,97.44,2143.68
10368,242,79,67,1,46,37.34,1717.64
10380,177,79,116,8,43,95.03,4086.29
10408,186,79,95,12,15,36.93,553.95
10420,203,79,129,4,15,43.49,652.35
10104,135,80,145,8,26,100.0,2921.62
10115,144,80,40,1,44,100.0,5568.64
10127,119,80,44,1,20,96.99,1939.8
10141,145,80,92,5,40,94.62,3784.8
10152,236,80,161,4,23,100.0,2802.09
10165,122,80,17,10,24,99.36,2384.64
10176,33,80,168,13,29,100.0,2915.66
10184,70,80,49,8,49,100.0,5795.72
10195,35,80,186,1,34,100.0,3699.88
10207,92,80,139,1,28,100.0,2980.6
10220,124,80,131,19,37,100.0,5032.74
10230,136,80,50,17,45,100.0,4737.15
10246,126,80,105,8,46,100.0,6311.2
10271,127,80,43,1,22,100.0,3070.54
10282,77,80,112,1,39,100.0,4797.39
10292,43,80,64,1,27,100.0,3832.38
10305,96,80,179,1,36,100.0,4641.48
10314,97,80,159,14,38,100.0,4000.26
10325,81,80,1,3,44,100.0,5325.76
10336,129,80,101,2,31,100.0,4618.69
10349,141,80,60,1,23,100.0,3182.97
10359,84,80,178,2,22,100.0,2603.04
10371,130,80,74,1,28,50.32,1408.96
10383,206,80,57,8,21,93.91,1972.11
10394,223,80,30,8,37,100.0,5207.75
10412,148,80,24,8,31,100.0,4253.2
10103,27,81,191,3,25,100.0,2873.0
10111,166,81,44,1,26,86.68,2253.68
10126,29,81,82,8,34,100.0,3576.12
10139,168,81,80,4,29,100.0,3276.13
10149,169,81,78,1,20,90.57,1811.4
10163,32,81,29,1,42,91.55,3845.1
10173,156,81,134,13,22,100.0,2571.14
10183,34,81,182,1,47,100.0,5035.11
10193,171,81,192,4,20,100.0,2279.0
10206,36,81,116,11,33,97.39,3213.87
10215,37,81,16,1,39,90.57,3532.23
10228,38,81,76,1,33,100.0,3406.59
10244,174,81,84,8,40,86.68,3467.2
10257,216,81,14,1,46,78.89,3628.94
10269,217,81,168,6,48,97.39,4674.72
10280,42,81,46,13,21,78.89,1656.69
10290,227,81,110,1,45,100.0,5171.4
10304,44,81,43,2,33,100.0,3342.57
10312,45,81,118,1,44,100.0,4884.88
10324,81,81,62,1,33,100.0,6267.69
10333,47,81,141,1,39,100.0,4424.16
10348,80,81,81,8,39,50.31,1962.09
10358,49,81,10,8,41,100.0,6847.0
10369,50,81,171,1,40,86.92,3476.8
10382,51,81,121,1,33,100.0,4592.61
10423,178,81,81,15,28,78.89,2208.92
10106,187,82,42,13,26,63.76,1657.76
10120,55,82,166,4,29,85.49,2479.21
10133,210,82,43,8,46,77.52,3565.92
10145,4,82,171,1,33,84.77,2797.41
10168,6,82,58,1,48,78.25,3756.0
10210,56,82,192,12,40,71.0,2840.0
10223,11,82,187,4,23,74.62,1716.26
10235,211,82,115,11,40,81.14,3245.6
10250,190,82,192,1,37,74.62,2760.94
10263,14,82,59,1,24,75.35,1808.4
10275,15,82,55,2,27,62.31,1682.37
10284,192,82,41,3,21,71.0,1491.0
10297,212,82,38,19,23,72.45,1666.35
10308,18,82,41,1,44,83.32,3666.08
10317,19,82,126,1,35,83.32,2916.2
10328,234,82,19,13,43,60.86,2616.98
10340,21,82,158,8,40,84.77,3390.8
10353,213,82,170,1,35,89.9,3146.5
10361,22,82,76,4,25,62.46,1561.5
10375,23,82,14,2,43,100.0,10039.6
10386,197,82,171,8,50,63.34,3167.0
10398,198,82,91,2,45,78.25,3521.25
10401,214,82,137,1,52,81.14,4219.28
10416,199,82,153,13,48,74.62,3581.76
10108,99,83,38,16,31,68.71,2130.01
10122,100,83,112,2,29,71.14,2063.06
10135,101,83,171,1,23,87.31,2008.13
10147,102,83,78,1,31,64.67,2004.77
10159,5,83,187,1,23,67.1,1543.3
10169,103,83,78,4,24,94.58,2269.92
10180,7,83,33,2,28,71.14,1991.92
10191,105,83,3,17,44,66.29,2916.76
10211,10,83,188,2,22,92.16,2027.52
10225,107,83,127,18,46,70.33,3235.18
10238,108,83,169,14,22,93.77,2062.94
10252,225,83,157,2,38,87.31,3317.78
10264,231,83,149,1,47,83.27,3913.69
10276,111,83,67,1,48,75.18,3608.64
10287,112,83,54,18,40,88.12,3524.8
10299,17,83,184,5,32,80.84,2586.88
10310,114,83,180,17,49,97.01,4753.49
10319,115,83,4,1,43,85.69,3684.67
10331,160,83,149,1,41,100.0,5715.4
10343,21,83,33,2,30,100.0,3098.7
10355,229,83,36,8,28,95.39,2670.92
10363,116,83,17,5,43,100.0,5154.41
10378,185,83,162,8,41,100.0,4894.17
10390,163,83,19,1,30,82.42,2472.6
10103,27,84,61,3,31,100.0,3224.31
10114,90,84,65,2,32,100.0,3667.52
10126,29,84,73,8,43,96.31,4141.33
10140,30,84,112,1,26,100.0,2829.58
10151,146,84,20,5,27,100.0,3068.55
10164,91,84,64,6,24,100.0,2634.96
10175,33,84,121,7,22,100.0,2436.72
10184,70,84,65,8,46,100.0,4607.36
10194,35,84,122,2,37,97.27,3598.99
10207,92,84,33,1,49,80.9,3964.1
10217,93,84,145,10,21,100.0,2244.9
10229,94,84,100,1,25,100.0,2793.0
10245,39,84,193,1,37,100.0,4133.64
10259,40,84,91,10,45,86.68,3900.6
10270,41,84,135,4,32,85.72,2743.04
10281,95,84,174,1,29,82.83,2402.07
10291,43,84,137,9,26,83.79,2178.54
10305,96,84,20,1,28,100.0,3155.04
10313,97,84,176,11,27,87.64,2366.28
10324,81,84,108,1,20,98.18,1963.6
10335,98,84,126,1,44,100.0,4746.28
10348,80,84,60,8,42,100.0,6386.94
10358,49,84,200,8,41,100.0,4428.0
10371,130,84,70,1,26,100.0,4044.04
10382,51,84,131,1,26,100.0,2708.42
10411,53,84,120,11,26,100.0,2904.72
10425,54,84,144,2,41,86.68,3553.88
10107,1,85,183,1,20,92.9,1858.0
10120,55,85,62,4,22,100.0,2461.36
10133,210,85,169,8,23,100.0,2642.01
10145,4,85,181,1,33,93.9,3098.7
10168,6,85,107,1,28,100.0,3244.36
10188,8,85,114,3,44,98.89,4351.16
10210,56,85,148,12,46,79.91,3675.86
10223,11,85,183,4,21,100.0,2475.27
10235,211,85,167,11,41,100.0,4177.49
10250,190,85,73,1,31,100.0,3282.28
10263,14,85,163,1,31,79.91,2477.21
10275,15,85,96,2,23,81.91,1883.93
10285,16,85,80,1,37,98.89,3658.93
10297,212,85,117,19,26,100.0,2856.88
10308,18,85,135,1,24,79.91,1917.84
10318,19,85,17,1,47,100.0,5305.36
10329,20,85,78,1,45,63.91,2875.95
10340,21,85,109,8,55,100.0,6482.85
10353,213,85,60,1,46,81.17,3733.82
10363,116,85,8,5,50,100.0,6576.5
10375,23,85,142,2,37,100.0,6353.27
10387,247,85,151,10,44,94.9,4175.6
10401,214,85,110,1,49,100.0,4992.61
10416,199,85,79,13,45,100.0,4764.6
10108,99,86,111,16,27,43.45,1173.15
10122,100,86,88,2,31,44.66,1384.46
10135,101,86,120,1,33,40.23,1327.59
10145,4,86,15,1,31,35.8,1109.8
10159,5,86,187,1,35,35.4,1239.0
10169,103,86,165,4,26,39.83,1035.58
10180,7,86,71,2,34,45.46,1545.64
10190,241,86,112,8,46,32.99,1517.54
10211,10,86,140,2,41,42.24,1731.84
10224,134,86,88,2,43,39.43,1695.49
10237,12,86,88,1,26,40.23,1045.98
10252,225,86,122,2,36,48.28,1738.08
10264,231,86,76,1,20,32.59,651.8
10276,111,86,176,1,27,36.61,988.47
10285,16,86,34,1,37,41.03,1518.11
10299,17,86,23,5,24,42.24,1013.76
10310,114,86,174,17,36,43.05,1549.8
10319,115,86,193,1,29,38.22,1108.38
10331,160,86,160,1,28,100.0,4102.56
10343,21,86,96,2,29,100.0,3713.16
10355,229,86,40,8,38,39.83,1513.54
10364,116,86,104,2,48,48.28,2317.44
10378,185,86,82,8,40,82.46,3298.4
10390,163,86,79,1,41,44.56,1826.96
10403,25,86,156,7,30,40.23,1206.9
10104,135,87,163,8,35,47.62,1666.7
10114,90,87,11,2,28,55.73,1560.44
10127,119,87,148,1,45,51.95,2337.75
10141,145,87,49,5,24,45.99,1103.76
10151,146,87,20,5,41,63.85,2617.85
10165,122,87,150,10,48,45.99,2207.52
10175,33,87,178,7,50,63.31,3165.5
10184,70,87,42,8,33,62.77,2071.41
10195,35,87,50,1,32,43.29,1385.28
10207,92,87,112,1,27,60.06,1621.62
10219,147,87,50,1,35,55.19,1931.65
10229,94,87,75,1,23,54.11,1244.53
10246,126,87,179,8,35,48.7,1704.5
10259,40,87,135,10,40,43.83,1753.2
10271,127,87,77,1,35,47.62,1666.7
10281,95,87,66,1,31,55.19,1710.89
10292,43,87,164,1,50,46.53,2326.5
10305,96,87,88,1,40,57.9,2316.0
10313,97,87,189,11,38,45.45,1727.1
10325,81,87,117,3,38,100.0,8844.12
10335,98,87,36,1,40,60.6,2424.0
10349,141,87,35,1,33,46.53,1535.49
10359,84,87,123,2,36,100.0,6358.68
10371,130,87,142,1,20,66.47,1329.4
10383,206,87,137,8,32,53.18,1701.76
10394,223,87,13,8,36,62.77,2259.72
10412,148,87,115,8,19,48.7,925.3
10425,54,87,189,2,11,43.83,482.13
10104,135,88,51,8,49,65.87,3227.63
10116,248,88,192,15,27,63.38,1711.26
10127,119,88,189,1,29,70.84,2054.36
10142,120,88,60,1,42,74.57,3131.94
10152,236,88,122,4,33,50.95,1681.35
10165,122,88,98,10,44,53.44,2351.36
10176,33,88,94,13,22,64.0,1408.0
10184,70,88,183,8,48,50.95,2445.6
10195,35,88,12,1,33,54.68,1804.44
10207,92,88,144,1,45,56.55,2544.75
10220,124,88,42,19,20,52.82,1056.4
10230,136,88,80,17,46,60.9,2801.4
10247,126,88,10,5,40,49.71,1988.4
10272,127,88,143,1,45,64.63,2908.35
10282,77,88,140,1,36,59.65,2147.4
10292,43,88,165,1,31,67.73,2099.63
10306,79,88,182,7,46,50.33,2315.18
10314,97,88,123,14,35,66.49,2327.15
10325,81,88,18,3,28,100.0,5377.4
10336,129,88,168,2,31,84.71,2626.01
10350,83,88,104,8,27,100.0,4406.4
10359,84,88,39,2,22,100.0,4301.22
10371,130,88,66,1,30,99.55,2986.5
10383,206,88,76,8,44,36.07,1587.08
10394,223,88,71,8,30,60.28,1808.4
10413,131,88,19,1,24,49.71,1193.04
10103,27,89,20,3,45,75.63,3403.35
10113,132,89,141,1,23,68.52,1575.96
10126,29,89,38,8,26,62.7,1630.2
10140,30,89,17,1,28,60.76,1701.28
10150,31,89,85,10,49,58.18,2850.82
10164,91,89,88,6,49,54.94,2692.06
10175,33,89,77,7,29,74.98,2174.42
10183,34,89,187,1,49,64.64,3167.36
10194,35,89,135,2,39,54.94,2142.66
10206,36,89,46,11,36,58.82,2117.52
10217,93,89,76,10,39,62.05,2419.95
10229,94,89,22,1,30,73.04,2191.2
10245,39,89,20,1,44,69.16,3043.04
10258,40,89,178,12,20,61.41,1228.2
10270,41,89,146,4,21,63.35,1330.35
10281,95,89,175,1,36,77.57,2792.52
10291,43,89,145,9,32,71.75,2296.0
10304,44,89,50,2,36,73.04,2629.44
10313,97,89,115,11,34,56.24,1912.16
10324,81,89,91,1,48,100.0,8209.44
10333,47,89,189,1,33,73.69,2431.77
10348,80,89,2,8,31,100.0,3139.99
10358,49,89,4,8,36,100.0,5669.64
10370,50,89,187,4,25,100.0,3160.25
10382,51,89,160,1,48,100.0,6799.68
10411,53,89,137,11,27,69.16,1867.32
10424,54,89,184,8,44,61.41,2702.04
10106,187,90,156,13,33,72.92,2406.36
10120,55,90,178,4,29,72.23,2094.67
10133,210,90,105,8,49,57.1,2797.9
10144,249,90,42,15,20,81.86,1637.2
10168,6,90,158,1,31,73.61,2281.91
10210,56,90,82,12,39,59.16,2307.24
10223,11,90,98,4,20,66.04,1320.8
10235,211,90,4,11,34,77.73,2642.82
10250,190,90,60,1,50,61.22,3061.0
10262,191,90,198,8,40,79.11,3164.4
10275,15,90,9,2,28,63.97,1791.16
10284,192,90,88,3,50,81.86,4093.0
10297,212,90,115,19,28,79.8,2234.4
10308,18,90,141,1,46,66.04,3037.84
10316,80,90,98,7,24,59.16,1419.84
10328,234,90,89,13,24,81.17,1948.08
10340,21,90,131,8,39,59.16,2307.24
10353,213,90,46,1,40,44.51,1780.4
10361,22,90,85,4,49,72.33,3544.17
10375,23,90,2,2,44,82.26,3619.44
10388,24,90,156,1,35,100.0,3918.95
10398,198,90,158,2,22,67.41,1483.02
10401,214,90,140,1,62,77.73,4819.26
10416,199,90,142,13,26,61.22,1591.72
10108,99,91,29,16,31,100.0,3669.78
10121,2,91,64,2,25,86.74,2168.5
10135,101,91,14,1,30,89.8,2694.0
10145,4,91,18,1,27,100.0,3251.34
10159,5,91,23,1,23,100.0,2347.15
10169,103,91,187,4,34,100.0,3920.88
10180,7,91,46,2,22,100.0,2514.6
10190,241,91,115,8,42,85.72,3600.24
10211,10,91,196,2,37,100.0,4040.03
10224,134,91,133,2,30,100.0,3336.9
10237,12,91,159,1,27,100.0,3113.64
10252,225,91,23,2,25,100.0,2832.0
10264,231,91,30,1,34,97.97,3330.98
10276,111,91,195,1,38,100.0,4304.64
10285,16,91,198,1,26,100.0,2600.26
10299,17,91,132,5,38,100.0,4382.16
10309,18,91,105,3,50,84.7,4235.0
10319,115,91,122,1,22,100.0,2626.8
10331,160,91,11,1,32,100.0,5026.56
10341,21,91,138,6,31,71.02,2201.62
10355,229,91,165,8,40,100.0,4326.8
10365,162,91,82,1,22,100.0,3425.18
10375,23,91,171,2,41,100.0,4701.88
10390,163,91,176,1,45,48.98,2204.1
10403,25,91,13,7,45,100.0,5189.4
10106,187,92,69,13,39,40.15,1565.85
10120,55,92,86,4,49,50.62,2480.38
10133,210,92,108,8,27,50.19,1355.13
10143,66,92,89,1,34,36.66,1246.44
10156,250,92,4,8,20,41.02,820.4
10168,6,92,38,1,48,51.93,2492.64
10199,9,92,143,1,29,38.4,1113.6
10210,56,92,41,12,43,41.02,1763.86
10223,11,92,44,4,41,46.26,1896.66
10235,211,92,35,11,41,35.35,1449.35
10250,190,92,115,1,36,51.93,1869.48
10262,191,92,167,8,49,37.97,1860.53
10275,15,92,2,2,38,45.39,1724.82
10284,192,92,72,3,33,51.93,1713.69
10296,193,92,80,17,26,48.44,1259.44
10308,18,92,124,1,47,43.64,2051.08
10316,80,92,75,7,34,47.57,1617.38
10328,234,92,200,13,34,51.93,1765.62
10340,21,92,42,8,40,50.62,2024.8
10353,213,92,182,1,40,82.21,3288.4
10361,22,92,169,4,33,82.59,2725.47
10375,23,92,74,2,49,65.8,3224.2
10388,24,92,194,1,27,100.0,3211.38
10398,198,92,22,2,49,36.66,1796.34
10401,214,92,24,1,56,35.35,1979.6
10416,199,92,102,13,37,51.93,1921.41
10104,135,93,139,8,33,100.0,3705.24
10115,144,93,91,1,27,100.0,2843.91
10127,119,93,23,1,46,100.0,6176.42
10141,145,93,96,5,44,100.0,5500.44
10151,146,93,106,5,26,100.0,3220.1
10165,122,93,74,10,48,94.92,4556.16
10176,33,93,48,13,23,100.0,3114.89
10184,70,93,183,8,45,100.0,4948.2
10195,35,93,174,1,49,100.0,5161.17
10207,92,93,97,1,28,94.92,2657.76
10220,124,93,32,19,37,100.0,3983.05
10230,136,93,50,17,34,100.0,3974.94
10246,126,93,26,8,22,100.0,2928.42
10259,40,93,69,10,29,100.0,3054.57
10271,127,93,160,1,34,98.39,3345.26
10282,77,93,28,1,38,100.0,4310.72
10292,43,93,76,1,41,100.0,4983.14
10305,96,93,65,1,42,100.0,4618.32
10314,97,93,144,14,28,100.0,3403.12
10325,81,93,135,3,38,100.0,5190.42
10336,129,93,84,2,23,100.0,3141.57
10350,83,93,105,8,31,71.4,2213.4
10359,84,93,29,2,46,100.0,4896.7
10371,130,93,96,1,48,56.55,2714.4
10383,206,93,115,8,29,100.0,3087.05
10395,87,93,48,2,46,100.0,5692.96
10412,148,93,73,8,26,100.0,3460.86
10425,54,93,66,2,18,100.0,1895.94
10104,135,94,182,8,32,53.31,1705.92
10117,118,94,127,10,21,49.21,1033.41
10127,119,94,154,1,46,69.12,3179.52
10142,120,94,15,1,42,49.79,2091.18
10153,121,94,158,8,31,57.41,1779.71
10165,122,94,126,10,38,66.78,2537.64
10176,33,94,44,13,38,64.44,2448.72
10185,70,94,177,1,20,48.62,972.4
10196,71,94,67,1,46,62.09,2856.14
10208,123,94,113,2,30,65.61,1968.3
10220,124,94,50,19,30,68.54,2056.2
10230,136,94,142,17,43,52.14,2242.02
10247,126,94,39,5,49,63.85,3128.65
10272,127,94,132,1,43,56.82,2443.26
10282,77,94,164,1,37,66.78,2470.86
10292,43,94,153,1,35,55.07,1927.45
10306,79,94,110,7,34,60.34,2051.56
10314,97,94,34,14,38,61.51,2337.38
10325,81,94,70,3,44,100.0,5932.96
10337,82,94,178,1,21,100.0,2296.77
10350,83,94,11,8,44,100.0,6490.88
10359,84,94,159,2,25,64.93,1623.25
10372,137,94,38,12,24,58.58,1405.92
10383,206,94,183,8,38,60.06,2282.28
10395,87,94,131,2,45,100.0,8977.05
10413,131,94,38,1,51,63.85,3256.35
10108,99,95,140,16,34,82.99,2821.66
10121,2,95,151,2,44,74.85,3293.4
10135,101,95,76,1,44,96.0,4224.0
10145,4,95,195,1,38,81.36,3091.68
10159,5,95,113,1,31,71.6,2219.6
10169,103,95,27,4,48,80.55,3866.4
10180,7,95,13,2,21,93.56,1964.76
10190,241,95,30,8,40,66.72,2668.8
10211,10,95,147,2,40,80.55,3222.0
10224,134,95,94,2,50,77.29,3864.5
10237,12,95,50,1,20,68.34,1366.8
10252,225,95,199,2,48,72.41,3475.68
10264,231,95,134,1,47,89.5,4206.5
10276,111,95,154,1,21,70.78,1486.38
10285,16,95,16,1,39,78.92,3077.88
10299,17,95,189,5,44,80.55,3544.2
10309,18,95,80,3,28,88.68,2483.04
10319,115,95,92,1,45,77.29,3478.05
10331,160,95,66,1,20,100.0,3657.8
10341,21,95,97,6,38,100.0,4682.36
10356,161,95,120,2,26,100.0,3937.7
10365,162,95,101,1,44,100.0,4984.32
10375,23,95,183,2,49,100.0,5406.66
10390,163,95,73,1,22,100.0,3491.18
10403,25,95,148,7,31,68.34,2118.54
10105,63,96,5,14,41,70.67,2897.47
10119,64,96,20,6,25,76.67,1916.75
10129,65,96,192,7,31,60.0,1860.0
10142,120,96,170,1,41,64.0,2624.0
10153,121,96,113,8,43,64.67,2780.81
10167,68,96,35,9,43,75.34,3239.62
10177,220,96,30,8,24,76.0,1824.0
10185,70,96,110,1,21,54.0,1134.0
10197,71,96,24,8,23,64.67,1487.41
10208,123,96,58,2,38,74.67,2837.46
10222,73,96,92,1,31,62.67,1942.77
10233,244,96,49,1,36,70.67,2544.12
10248,74,96,182,1,36,71.34,2568.24
10261,75,96,32,11,34,62.0,2108.0
10273,76,96,2,15,21,65.34,1372.14
10283,77,96,147,11,45,78.67,3540.15
10295,78,96,45,1,26,75.34,1958.84
10306,79,96,143,7,50,54.0,2700.0
10315,238,96,165,2,41,62.0,2542.0
10326,224,96,57,9,39,60.0,2340.0
10339,59,96,113,12,22,100.0,2816.44
10350,83,96,2,8,46,76.67,3526.82
10373,85,96,90,5,44,100.0,4627.92
10385,245,96,82,1,25,77.34,1933.5
10396,142,96,43,1,39,66.67,2600.13
10414,89,96,43,1,37,71.34,2639.58
10106,187,97,83,13,31,100.0,3312.97
10120,55,97,176,4,47,82.21,3863.87
10133,210,97,68,8,24,77.64,1863.36
10143,66,97,107,1,36,100.0,3945.96
10156,250,97,99,8,48,100.0,4954.08
10168,6,97,184,1,28,98.65,2762.2
10199,9,97,56,1,48,83.12,3989.76
10210,56,97,6,12,21,78.55,1649.55
10223,11,97,194,4,25,100.0,2534.75
10235,211,97,68,11,25,100.0,2580.25
10250,190,97,179,1,31,91.34,2831.54
10262,191,97,170,8,40,84.03,3361.2
10275,15,97,1,2,32,89.51,2864.32
10284,192,97,188,3,24,83.12,1994.88
10296,193,97,187,17,42,100.0,4296.6
10308,18,97,56,1,21,100.0,2224.95
10316,80,97,3,7,34,82.21,2795.14
10328,234,97,91,13,27,100.0,2762.1
10340,21,97,100,8,30,88.6,2658.0
10353,213,97,175,1,39,100.0,5043.87
10361,22,97,166,4,20,60.54,1210.8
10375,23,97,155,2,37,81.87,3029.19
10388,24,97,195,1,46,100.0,10066.6
10398,198,97,33,2,47,87.69,4121.43
10401,214,97,155,1,11,100.0,1135.31
10416,199,97,70,13,23,91.34,2100.82
10105,63,98,104,14,29,70.15,2034.35
10117,118,98,35,10,38,79.68,3027.84
10128,219,98,174,8,32,97.0,3104.0
10142,120,98,177,1,43,84.01,3612.43
10153,121,98,67,8,31,87.48,2711.88
10166,91,98,189,1,29,100.0,3013.97
10177,220,98,83,8,31,88.34,2738.54
10185,70,98,125,1,30,94.4,2832.0
10196,71,98,172,1,50,94.4,4720.0
10208,123,98,199,2,40,80.55,3222.0
10221,221,98,141,15,23,97.0,2231.0
10232,222,98,68,7,26,88.34,2296.84
10248,74,98,41,1,40,100.0,4157.2
10273,76,98,77,15,21,100.0,2146.2
10282,77,98,17,1,43,86.61,3724.23
10293,128,98,32,13,29,71.89,2084.81
10306,79,98,44,7,38,91.81,3488.78
10314,97,98,27,14,23,76.22,1753.06
10327,194,98,9,14,20,100.0,3469.2
10337,82,98,79,1,36,70.3,2530.8
10350,83,98,191,8,28,100.0,2924.32
10372,137,98,172,12,44,100.0,4496.8
10384,86,98,86,1,49,100.0,6397.44
10397,251,98,133,2,32,80.55,2577.6
10414,89,98,85,1,34,100.0,3533.62
10106,187,99,13,13,30,100.0,3177.3
10119,64,99,137,6,29,94.14,2730.06
10131,188,99,51,1,22,85.99,1891.78
10143,66,99,41,1,26,100.0,2612.48
10155,67,99,22,5,32,91.43,2925.76
10167,68,99,154,9,29,100.0,2940.02
10178,69,99,22,2,34,96.86,3293.24
10186,70,99,77,7,24,99.57,2389.68
10197,71,99,198,8,24,90.52,2172.48
10209,72,99,4,1,33,88.71,2927.43
10222,73,99,83,1,26,100.0,2659.54
10249,233,99,29,1,40,95.95,3838.0
10262,191,99,85,8,44,94.14,4142.16
10274,76,99,111,1,24,90.52,2172.48
10283,77,99,32,11,20,94.14,1882.8
10296,193,99,74,17,34,100.0,3477.86
10307,79,99,135,1,34,97.76,3323.84
10316,80,99,142,7,45,93.24,4195.8
10328,234,99,104,13,41,100.0,4156.58
10339,59,99,166,12,55,71.25,3918.75
10352,196,99,52,1,23,100.0,2352.67
10361,22,99,161,4,24,45.39,1089.36
10373,85,99,139,5,32,84.41,2701.12
10386,197,99,31,8,29,85.76,2487.04
10398,198,99,36,2,36,100.0,3910.32
10400,88,99,100,1,46,87.8,4038.8
10415,235,99,72,4,32,95.95,3070.4
10106,187,100,184,13,34,100.0,3763.46
10120,55,100,145,4,24,100.0,2584.8
10131,188,100,54,1,40,100.0,4427.6
10143,66,100,152,1,26,82.77,2152.02
10155,67,100,196,5,20,100.0,2353.4
10168,6,100,31,1,31,100.0,3431.39
10178,69,100,68,2,22,87.75,1930.5
10198,189,100,7,16,42,100.0,4774.56
10210,56,100,133,12,26,99.72,2592.72
10222,73,100,129,1,37,87.75,3246.75
10235,211,100,137,11,38,88.75,3372.5
10250,190,100,196,1,35,100.0,3909.15
10262,191,100,3,8,33,90.75,2994.75
10275,15,100,1,2,39,100.0,4472.52
10284,192,100,91,3,45,100.0,4576.95
10296,193,100,188,17,24,100.0,2441.04
10308,18,100,120,1,35,88.75,3106.25
10316,80,100,163,7,23,100.0,2706.41
10328,234,100,118,13,37,100.0,4021.53
10340,21,100,171,8,55,87.75,4826.25
10352,196,100,25,1,49,100.0,4935.28
10361,22,100,175,4,26,100.0,2754.7
10375,23,100,83,2,33,100.0,3856.71
10386,197,100,66,8,37,83.84,3102.08
10398,198,100,11,2,22,86.76,1908.72
10401,214,100,14,1,85,88.75,7543.75
10416,199,100,97,13,22,100.0,2457.18
10105,63,101,20,14,31,65.77,2038.87
10119,64,101,196,6,38,65.77,2499.26
10129,65,101,200,7,45,85.29,3838.05
10143,66,101,57,1,31,85.29,2643.99
10154,243,101,149,1,36,64.33,2315.88
10167,68,101,101,9,46,70.11,3225.06
10177,220,101,109,8,32,76.62,2451.84
10185,70,101,33,1,39,57.82,2254.98
10197,71,101,196,8,50,78.79,3939.5
10208,123,101,199,2,46,74.45,3424.7
10222,73,101,151,1,36,80.95,2914.2
10233,244,101,54,1,29,82.4,2389.6
10248,74,101,38,1,32,75.89,2428.48
10261,75,101,168,11,44,68.67,3021.48
10273,76,101,69,15,42,62.16,2610.72
10283,77,101,137,11,47,65.77,3091.19
10295,78,101,139,1,44,58.55,2576.2
10306,79,101,132,7,43,75.17,3232.31
10316,80,101,19,7,48,74.45,3573.6
10327,194,101,178,14,21,96.31,2022.51
10339,59,101,149,12,50,74.35,3717.5
10350,83,101,74,8,29,75.35,2185.15
10373,85,101,75,5,41,70.33,2883.53
10386,197,101,93,8,37,100.0,5017.57
10397,251,101,43,2,22,66.5,1463.0
10414,89,101,114,1,31,75.89,2352.59
10103,27,102,175,3,42,100.0,4460.82
10114,90,102,159,2,42,100.0,4758.18
10126,29,102,26,8,45,100.0,4597.2
10140,30,102,5,1,36,100.0,4114.8
10150,31,102,191,10,20,100.0,2104.0
10164,91,102,1,6,39,81.93,3195.27
10175,33,102,41,7,42,85.98,3611.16
10183,34,102,60,1,23,86.99,2000.77
10194,35,102,131,2,26,89.01,2314.26
10206,36,102,90,11,33,100.0,3871.89
10217,93,102,13,10,31,88.0,2728.0
10229,94,102,184,1,50,100.0,5614.0
10245,39,102,30,1,44,100.0,4628.8
10258,40,102,190,12,45,80.92,3641.4
10270,41,102,22,4,46,88.0,4048.0
10281,95,102,90,1,27,85.98,2321.46
10291,43,102,39,9,28,100.0,3256.96
10304,44,102,189,2,40,100.0,4208.0
10313,97,102,148,11,30,99.13,2973.9
10324,81,102,168,1,34,100.0,4248.3
10336,129,102,89,2,46,100.0,9558.8
10348,80,102,30,8,32,82.83,2650.56
10358,49,102,182,8,27,100.0,3761.37
10371,130,102,200,1,34,100.0,4301.34
10382,51,102,62,1,34,54.84,1864.56
10411,53,102,178,11,34,100.0,3576.8
10424,54,102,123,8,46,80.92,3722.32
10106,187,103,63,13,32,100.0,3986.56
10120,55,103,20,4,24,100.0,3417.12
10133,210,103,182,8,27,99.67,2691.09
10145,4,103,84,1,20,100.0,2752.6
10168,6,103,197,1,36,100.0,4527.72
10188,8,103,41,3,29,100.0,3957.05
10210,56,103,68,12,25,100.0,2818.0
10223,11,103,150,4,29,100.0,3199.86
10235,211,103,9,11,25,96.11,2402.75
10250,190,103,197,1,44,100.0,6055.72
10263,14,103,142,1,47,100.0,5465.16
10275,15,103,137,2,48,100.0,6378.72
10285,16,103,123,1,45,100.0,5392.8
10297,212,103,10,19,35,100.0,3986.5
10308,18,103,73,1,31,100.0,4009.23
10318,19,103,90,1,50,100.0,7119.0
10328,234,103,53,13,33,100.0,4072.2
10340,21,103,78,8,29,100.0,4094.51
10353,213,103,169,1,48,68.8,3302.4
10361,22,103,188,4,44,72.42,3186.48
10375,23,103,65,2,25,66.73,1668.25
10388,24,103,26,1,50,100.0,7154.5
10398,198,103,109,2,23,100.0,2810.83
10401,214,103,61,1,21,96.11,2018.31
10416,199,103,68,13,41,100.0,5642.83
10106,187,104,163,13,44,74.4,3273.6
10120,55,104,94,4,43,76.0,3268.0
10143,66,104,18,1,28,96.0,2688.0
10155,67,104,94,5,43,86.4,3715.2
10168,6,104,85,1,48,96.0,4608.0
10199,9,104,175,1,38,82.4,3131.2
10210,56,104,77,12,31,86.4,2678.4
10223,11,104,70,4,26,67.2,1747.2
10235,211,104,158,11,32,92.0,2944.0
10250,190,104,196,1,44,67.2,2956.8
10262,191,104,130,8,27,76.0,2052.0
10275,15,104,67,2,43,73.6,3164.8
10284,192,104,29,3,25,69.6,1740.0
10296,193,104,199,17,22,80.8,1777.6
10308,18,104,183,1,21,87.2,1831.2
10316,80,104,91,7,48,75.2,3609.6
10328,234,104,51,13,33,64.0,2112.0
10341,21,104,109,6,34,100.0,3644.12
10353,213,104,20,1,43,81.95,3523.85
10361,22,104,52,4,44,100.0,5001.92
10375,23,104,146,2,44,100.0,5208.72
10386,197,104,75,8,32,94.34,3018.88
10398,198,104,199,2,29,65.6,1902.4
10401,214,104,78,1,77,92.0,7084.0
10416,199,104,198,13,39,67.2,2620.8
10105,63,105,152,14,39,81.14,3164.46
10118,252,105,39,8,36,100.0,4219.2
10129,65,105,86,7,42,91.15,3828.3
10142,120,105,69,1,21,100.0,2334.99
10153,121,105,58,8,50,88.15,4407.5
10167,68,105,146,9,24,100.0,2812.8
10177,220,105,197,8,44,92.16,4055.04
10185,70,105,183,1,37,100.0,3891.66
10197,71,105,148,8,27,92.16,2488.32
10208,123,105,109,2,37,100.0,4447.4
10222,73,105,61,1,38,100.0,4187.22
10232,222,105,176,7,48,96.16,4615.68
10248,74,105,175,1,30,100.0,3245.4
10261,75,105,84,11,25,88.15,2203.75
10273,76,105,163,15,40,86.15,3446.0
10283,77,105,104,11,22,88.15,1939.3
10295,78,105,154,1,34,100.0,3473.78
10306,79,105,135,7,32,90.15,2884.8
10315,238,105,138,2,31,86.15,2670.65
10327,194,105,200,14,43,80.0,3440.0
10337,82,105,169,1,31,89.38,2770.78
10350,83,105,133,8,31,77.34,2397.54
10373,85,105,91,5,34,96.34,3275.56
10386,197,105,97,8,45,92.08,4143.6
10397,251,105,141,2,48,100.0,5192.64
10414,89,105,29,1,28,100.0,3029.04
10105,63,106,132,14,22,100.0,2556.18
10117,118,106,196,10,45,83.42,3753.9
10129,65,106,195,7,30,85.41,2562.3
10142,120,106,98,1,38,85.41,3245.58
10153,121,106,180,8,20,100.0,2204.6
10167,68,106,191,9,28,100.0,3003.0
10177,220,106,32,8,24,100.0,2526.48
10185,70,106,54,1,22,79.45,1747.9
10197,71,106,190,8,35,93.35,3267.25
10208,123,106,107,2,33,85.41,2818.53
10222,73,106,26,1,31,95.34,2955.54
10232,222,106,150,7,35,82.43,2885.05
10248,74,106,182,1,35,90.37,3162.95
10261,75,106,183,11,50,81.43,4071.5
10273,76,106,88,15,26,100.0,2969.46
10283,77,106,152,11,38,89.38,3396.44
10294,78,106,1,1,45,100.0,4692.6
10306,79,106,101,7,30,100.0,3515.7
10315,238,106,23,2,37,91.37,3380.69
10327,194,106,141,14,37,86.61,3204.57
10337,82,106,94,1,36,71.89,2588.04
10350,83,106,91,8,25,100.0,2854.75
10373,85,106,129,5,37,100.0,4025.6
10386,197,106,143,8,30,95.48,2864.4
10397,251,106,39,2,36,100.0,3789.72
10414,89,106,131,1,27,90.37,2439.99
10106,187,107,145,13,48,61.44,2949.12
10119,64,107,17,6,26,59.22,1539.72
10131,188,107,52,1,26,85.13,2213.38
10143,66,107,196,1,34,85.87,2919.58
10155,67,107,140,5,44,85.87,3778.28
10168,6,107,190,1,39,82.91,3233.49
10178,69,107,158,2,45,76.25,3431.25
10198,189,107,68,16,40,63.67,2546.8
10210,56,107,136,12,42,70.33,2953.86
10222,73,107,53,1,43,74.03,3183.29
10235,211,107,17,11,34,72.55,2466.7
10250,190,107,112,1,38,62.19,2363.22
10262,191,107,162,8,35,71.07,2487.45
10275,15,107,2,2,31,72.55,2249.05
10284,192,107,37,3,32,64.41,2061.12
10296,193,107,148,17,47,86.62,4071.14
10308,18,107,128,1,39,68.11,2656.29
10316,80,107,104,7,44,62.19,2736.36
10328,234,107,172,13,39,85.87,3348.93
10339,59,107,168,12,50,57.86,2893.0
10352,196,107,161,1,22,75.51,1661.22
10361,22,107,149,4,35,100.0,4277.35
10373,85,107,181,5,45,55.62,2502.9
10386,197,107,24,8,44,86.4,3801.6
10398,198,107,119,2,36,87.36,3144.96
10401,214,107,99,1,28,72.55,2031.4
10416,199,107,75,13,43,62.19,2674.17
10106,187,108,190,13,48,52.64,2526.72
10119,64,108,7,6,28,48.17,1348.76
10131,188,108,155,1,21,41.71,875.91
10143,66,108,138,1,37,50.65,1874.05
10155,67,108,47,5,34,49.16,1671.44
10167,68,108,95,9,40,41.71,1668.4
10178,69,108,63,2,45,51.15,2301.75
10186,70,108,35,7,28,52.14,1459.92
10197,71,108,79,8,29,41.71,1209.59
10209,72,108,58,1,48,44.69,2145.12
10222,73,108,81,1,31,45.69,1416.39
10249,233,108,67,1,32,57.61,1843.52
10262,191,108,112,8,21,57.11,1199.31
10274,76,108,34,1,32,58.6,1875.2
10283,77,108,180,11,43,57.61,2477.23
10296,193,108,67,17,21,45.19,948.99
10307,79,108,57,1,34,53.63,1823.42
10316,80,108,192,7,34,43.7,1485.8
10329,20,108,7,1,44,86.13,3789.72
10339,59,108,181,12,27,76.31,2060.37
10352,196,108,86,1,49,52.64,2579.36
10361,22,108,74,4,23,95.2,2189.6
10373,85,108,184,5,25,64.97,1624.25
10386,197,108,104,8,50,87.15,4357.5
10398,198,108,149,2,34,40.22,1367.48
10400,88,108,110,1,20,56.12,1122.4
10415,235,108,116,4,42,57.61,2419.62
10105,63,109,123,14,25,56.78,1419.5
10117,118,109,62,10,50,43.68,2184.0
10129,65,109,167,7,32,64.97,2079.04
10142,120,109,190,1,39,44.23,1724.97
10153,121,109,78,8,50,60.06,3003.0
10167,68,109,169,9,38,48.59,1846.42
10177,220,109,186,8,40,50.23,2009.2
10185,70,109,116,1,28,64.43,1804.04
10197,71,109,187,8,42,50.23,2109.66
10208,123,109,102,2,42,63.88,2682.96
10222,73,109,11,1,36,63.34,2280.24
10232,222,109,160,7,24,49.69,1192.56
10248,74,109,37,1,23,65.52,1506.96
10261,75,109,169,11,29,50.78,1472.62
10273,76,109,192,15,37,45.86,1696.82
10283,77,109,53,11,33,51.32,1693.56
10293,128,109,105,13,32,60.06,1921.92
10306,79,109,129,7,35,59.51,2082.85
10315,238,109,52,2,40,55.69,2227.6
10327,194,109,182,14,37,86.74,3209.38
10337,82,109,163,1,42,97.16,4080.72
10350,83,109,3,8,20,100.0,2244.4
10373,85,109,98,5,29,100.0,3978.51
10386,197,109,176,8,43,100.0,5417.57
10397,251,109,21,2,34,62.24,2116.16
10414,89,109,59,1,47,65.52,3079.44
